Metric,Season,Player,FG%,3P%,FT%,PTS_per_MIN,Overall_Shooting%,BLK_per_GP,STL_per_GP
FG%,2014 - 2015,Ed Davis,0.6012793,0.0,0.48677248,0.35652173,0.56838906,1.2405063,0.62025315
FG%,2009 - 2010,Kendrick Perkins,0.6015326,0.0,0.58214283,0.36730903,0.5925466,1.6923077,0.33333334
FG%,1999 - 2000,Bo Outlaw,0.6017699,0.0,0.50617284,0.21066208,0.5674603,1.804878,1.3780488
FG%,2006 - 2007,Dwight Howard,0.60252005,0.5,0.5855856,0.47726145,0.59506816,1.902439,0.85365856
FG%,2008 - 2009,Solomon Jones,0.6036036,0.5,0.7162162,0.278436,0.64705884,0.53968257,0.11111111
FG%,2008 - 2009,Maybyner Nene,0.60366714,0.2,0.72282606,0.44733906,0.64232904,1.3116883,1.2337662
FG%,2012 - 2013,Hasheem Thabeet,0.6037736,0.0,0.6037736,0.2078192,0.6037736,0.90909094,0.45454547
FG%,2014 - 2015,Rudy Gobert,0.60421544,0.0,0.62271065,0.31782803,0.6096866,2.304878,0.7804878
FG%,2009 - 2010,DeAndre Jordan,0.60504204,0.0,0.375,0.29543656,0.5217391,0.8857143,0.22857143
FG%,2015 - 2016,Hassan Whiteside,0.60557187,0.0,0.65045595,0.4893427,0.62017804,3.6849315,0.60273975
FG%,2017 - 2018,Deyonta Davis,0.60754716,0.0,0.6666667,0.38192233,0.6180124,0.62903225,0.24193548
FG%,2007 - 2008,Fabricio Oberto,0.6081081,0.0,0.60655737,0.24152826,0.60614526,0.24390244,0.4512195
FG%,2018 - 2019,Richaun Holmes,0.6082192,0.0,0.73142856,0.48323056,0.6481481,1.1285714,0.6
FG%,2006 - 2007,Mikki Moore,0.6086956,0.0,0.68085104,0.37279016,0.63072777,0.75949365,0.5822785
FG%,2008 - 2009,Shaquille O'Neal,0.60879904,0.0,0.5953757,0.591892,0.6032329,1.44,0.6533333
FG%,2013 - 2014,Bismack Biyombo,0.6111111,0.0,0.5168539,0.20699301,0.5751073,1.1168832,0.09090909
FG%,2015 - 2016,Ed Davis,0.611276,0.0,0.5588235,0.31231445,0.59149724,0.8888889,0.7037037
FG%,2019 - 2020,Ivica Zubac,0.61139894,0.0,0.74698794,0.4494382,0.6498195,0.9166667,0.22222222
FG%,2009 - 2010,Dwight Howard,0.6115108,0.0,0.5919118,0.5287041,0.5992758,2.7804878,0.91463417
FG%,2015 - 2016,Steven Adams,0.6126761,0.0,0.5816327,0.31572676,0.6028939,1.1125,0.525
FG%,2004 - 2005,Steven Hunter,0.6136364,0.0,0.4785276,0.332696,0.5546875,1.3421053,0.05263158
FG%,2000 - 2001,Bo Outlaw,0.61413044,0.5,0.5733333,0.2296764,0.59831935,1.7125,1.3125
FG%,2019 - 2020,Mason Plumlee,0.6145833,0.0,0.5354839,0.41335604,0.58035713,0.6229508,0.5409836
FG%,2010 - 2011,Maybyner Nene,0.6146789,0.2,0.71144277,0.47625282,0.64938736,0.97333336,1.12
FG%,2018 - 2019,Montrezl Harrell,0.6148649,0.1764706,0.6425121,0.6306181,0.6178923,1.3414634,0.86585367
FG%,2007 - 2008,Kendrick Perkins,0.61494255,0.0,0.6229508,0.2834728,0.6165413,1.4615384,0.3974359
FG%,2018 - 2019,Boban Marjanovic,0.61538464,0.4,0.7480916,0.61995006,0.65336657,0.46551725,0.27586207
FG%,2018 - 2019,Thomas Bryant,0.6155378,0.33333334,0.7810219,0.5065829,0.60840106,0.9305556,0.3472222
FG%,2018 - 2019,Ed Davis,0.615894,0.0,0.61728394,0.32639512,0.6137339,0.4074074,0.43209878
FG%,2018 - 2019,Tyson Chandler,0.61616164,0.0,0.5862069,0.19773689,0.5989305,0.4181818,0.38181818
FG%,2019 - 2020,Derrick Favors,0.61651915,0.14285715,0.5633803,0.3694165,0.5995204,0.9019608,0.5882353
FG%,2016 - 2017,Maybyner Nene,0.6171285,0.33333334,0.5888325,0.50843215,0.6036484,0.58208954,0.8358209
FG%,2019 - 2020,Brandon Clarke,0.6179541,0.359375,0.7589286,0.53846157,0.6167939,0.82758623,0.55172414
FG%,2011 - 2012,Tiago Splitter,0.6180758,0.0,0.6906077,0.4898287,0.64312977,0.7966102,0.3559322
FG%,2018 - 2019,Cheick Diallo,0.6199262,0.25,0.74626863,0.43211254,0.6403509,0.515625,0.453125
FG%,2015 - 2016,Dwight Howard,0.62,0.0,0.48945147,0.4281265,0.55925924,1.5915493,0.97183096
FG%,2012 - 2013,Greg Smith,0.620438,0.0,0.6230769,0.3791768,0.61975306,0.5714286,0.25714287
FG%,2017 - 2018,JaVale McGee,0.6210046,0.0,0.7307692,0.5039012,0.62815887,0.8769231,0.32307693
FG%,2019 - 2020,Hassan Whiteside,0.6210826,0.5714286,0.68619245,0.51785094,0.6371308,2.925373,0.3880597
FG%,2016 - 2017,Dewayne Dedmon,0.6216216,0.0,0.6989247,0.2910431,0.64204544,0.80263156,0.4868421
FG%,2017 - 2018,Rudy Gobert,0.6216216,0.0,0.6822742,0.41627663,0.6460296,2.3035715,0.78571427
FG%,2009 - 2010,Amir Johnson,0.6227545,0.0,0.6375839,0.3517588,0.6221766,0.80487806,0.5365854
FG%,2013 - 2014,Andre Drummond,0.62288684,0.0,0.41768292,0.41808254,0.56050956,1.6172839,1.2469136
FG%,2007 - 2008,Tyson Chandler,0.6231405,0.0,0.59322035,0.33383644,0.6126526,1.0632912,0.56962025
FG%,2006 - 2007,Tyson Chandler,0.62393165,0.0,0.5273632,0.2732457,0.59402984,1.7671233,0.5068493
FG%,2018 - 2019,JaVale McGee,0.624025,0.083333336,0.6315789,0.5368686,0.6173913,1.9733334,0.62666667
FG%,2019 - 2020,Jakob Poeltl,0.62406015,0.0,0.4651163,0.3176772,0.58522725,1.439394,0.56060606
FG%,2008 - 2009,Joel Przybilla,0.6245353,0.0,0.6627219,0.22950819,0.6378132,1.1829268,0.41463414
FG%,2018 - 2019,Kevon Looney,0.62536025,0.1,0.61904764,0.33751857,0.61255413,0.6625,0.575
FG%,2006 - 2007,Erick Dampier,0.6257485,0.0,0.6230366,0.28041774,0.6247619,1.0789474,0.31578946
FG%,2007 - 2008,Andris Biedrins,0.626151,0.0,0.62032086,0.38300535,0.6246575,1.2368422,0.7368421
FG%,2017 - 2018,Jordan Bell,0.62702703,0.0,0.6818182,0.32389665,0.62660944,0.98245615,0.61403507
FG%,2015 - 2016,Andrew Bogut,0.6272401,1.0,0.48,0.25838903,0.6060606,1.6285714,0.45714286
FG%,2019 - 2020,Clint Capela,0.62886596,0.0,0.52884614,0.42445087,0.6077236,1.8461539,0.84615386
FG%,2017 - 2018,Steven Adams,0.6292135,0.0,0.55944055,0.42460796,0.608,1.0263158,1.2105263
FG%,2011 - 2012,DeAndre Jordan,0.63190186,0.0,0.5248227,0.27031538,0.5982906,2.030303,0.45454547
FG%,2016 - 2017,Dwight Howard,0.6329527,0.0,0.5330189,0.4557031,0.5909528,1.2432432,0.8648649
FG%,2017 - 2018,Montrezl Harrell,0.63503647,0.14285715,0.6261261,0.6465584,0.62805665,0.68421054,0.47368422
FG%,2019 - 2020,JaVale McGee,0.6372549,0.5,0.64634144,0.39465535,0.6370558,1.382353,0.5294118
FG%,2012 - 2013,Tyson Chandler,0.6375,0.0,0.6937984,0.31846544,0.65957445,1.1363636,0.6363636
FG%,2019 - 2020,Dwight Powell,0.6375546,0.25641027,0.6666667,0.3545163,0.60686016,0.525,0.875
FG%,2018 - 2019,DeAndre Jordan,0.6412556,0.0,0.70454544,0.37024373,0.6647887,1.057971,0.6086956
FG%,2014 - 2015,Brandan Wright,0.6418733,0.0,0.6964286,0.375535,0.6506276,1.2533333,0.6666667
FG%,2016 - 2017,Salah Mejri,0.6423358,0.33333334,0.59016395,0.23533311,0.62189054,0.8356164,0.43835616
FG%,2017 - 2018,Salah Mejri,0.6423358,0.0,0.57575756,0.29359308,0.61165047,1.0983607,0.36065573
FG%,2007 - 2008,Erick Dampier,0.6425993,0.0,0.5753425,0.25071225,0.61938536,1.4722222,0.33333334
FG%,2016 - 2017,Clint Capela,0.64298403,0.0,0.53107345,0.5272997,0.61621624,1.2153846,0.52307695
FG%,2012 - 2013,DeAndre Jordan,0.64344263,0.0,0.38554215,0.36025277,0.55630934,1.3658537,0.58536583
FG%,2013 - 2014,Chris Andersen,0.64363635,0.25,0.71005917,0.34169054,0.65789473,1.3472222,0.44444445
FG%,2018 - 2019,Jakob Poeltl,0.6448276,0.0,0.5326087,0.33239037,0.6178011,0.8831169,0.37662336
FG%,2017 - 2018,DeAndre Jordan,0.6453287,0.0,0.5801282,0.38247308,0.6224719,0.9220779,0.5064935
FG%,2018 - 2019,Clint Capela,0.647541,0.0,0.6360153,0.4953753,0.6445116,1.5223881,0.6567164
FG%,2019 - 2020,Jarrett Allen,0.64946234,0.0,0.6333333,0.4184665,0.6383266,1.3142858,0.5714286
FG%,2008 - 2009,Erick Dampier,0.65,0.0,0.63829786,0.2472767,0.64608073,1.1875,0.3
FG%,2016 - 2017,JaVale McGee,0.6520376,0.0,0.5045045,0.63861454,0.6096998,0.8701299,0.24675325
FG%,2016 - 2017,Montrezl Harrell,0.65217394,0.14285715,0.6280992,0.49548703,0.6384778,0.7241379,0.3448276
FG%,2017 - 2018,Clint Capela,0.6523669,0.0,0.56031126,0.50437516,0.6263383,1.8648648,0.7837838
FG%,2010 - 2011,Tyson Chandler,0.65356266,0.0,0.73220336,0.36337137,0.6866097,1.081081,0.4864865
FG%,2017 - 2018,Jakob Poeltl,0.6588542,0.5,0.5940594,0.37216935,0.6447639,1.2195122,0.47560975
FG%,2013 - 2014,Mason Plumlee,0.6589404,0.0,0.62564105,0.40790713,0.642,0.78571427,0.7
FG%,2016 - 2017,Lucas Nogueira,0.6602564,0.25,0.6567164,0.23247266,0.63829786,1.5614035,0.9122807
FG%,2016 - 2017,Rudy Gobert,0.6608,0.0,0.6533613,0.4143888,0.6569873,2.6419754,0.60493827
FG%,2019 - 2020,DeAndre Jordan,0.66550523,0.0,0.6803279,0.37676227,0.66992664,0.9285714,0.32142857
FG%,2014 - 2015,Tyson Chandler,0.6659091,0.0,0.71984434,0.33729985,0.68579626,1.2133334,0.56
FG%,2019 - 2020,Tony Bradley,0.6666667,1.0,0.65217394,0.42973462,0.6680672,0.5689655,0.2413793
FG%,2018 - 2019,Rudy Gobert,0.66853935,0.0,0.6360153,0.4983118,0.6547812,2.308642,0.8148148
FG%,2019 - 2020,Jaxson Hayes,0.66923076,0.25,0.64736843,0.43715847,0.6563877,0.859375,0.40625
FG%,2013 - 2014,DeAndre Jordan,0.67572814,0.0,0.42780748,0.29821628,0.5714286,2.4756098,0.9756098
FG%,2011 - 2012,Tyson Chandler,0.67887324,0.0,0.6888889,0.33923805,0.68154764,1.4354838,0.9032258
FG%,2019 - 2020,Damian Jones,0.6797753,0.22222222,0.7380952,0.3449831,0.6826568,0.72727275,0.47272727
FG%,2019 - 2020,Nerlens Noel,0.68401486,0.33333334,0.754717,0.39840284,0.7010582,1.4918033,0.9672131
FG%,2010 - 2011,DeAndre Jordan,0.686217,0.0,0.4516129,0.27652922,0.5939177,1.775,0.5125
FG%,2019 - 2020,Rudy Gobert,0.69299823,0.0,0.6302729,0.4398148,0.6666667,1.9852941,0.75
FG%,2018 - 2019,Mitchell Robinson,0.6941581,0.0,0.6,0.35674882,0.6643193,2.439394,0.7878788
FG%,2015 - 2016,DeAndre Jordan,0.7027559,0.0,0.42972535,0.37727132,0.552305,2.2987013,0.66233766
FG%,2014 - 2015,DeAndre Jordan,0.70973784,0.25,0.3970276,0.335461,0.5619425,2.2317073,0.9878049
FG%,2016 - 2017,DeAndre Jordan,0.71403813,0.0,0.48235294,0.40034238,0.6145418,1.654321,0.6296296
FG%,2018 - 2019,Damian Jones,0.7162162,0.0,0.6486486,0.3173828,0.6936937,1.0416666,0.5
FG%,2019 - 2020,Dwight Howard,0.72924185,0.6,0.5140187,0.3959562,0.63508064,1.1449275,0.44927537
FG%,2019 - 2020,Mitchell Robinson,0.7419355,0.0,0.5675676,0.41769913,0.68916154,1.9508197,0.852459
3P%,2013 - 2014,Mike Miller,0.48081264,0.45922747,0.8214286,0.33929095,0.5,0.06097561,0.31707317
3P%,2019 - 2020,George Hill,0.5159575,0.46022728,0.84158415,0.43577442,0.55130166,0.084745765,0.7966102
3P%,2012 - 2013,Jose Calderon,0.49133858,0.4609929,0.9,0.38251367,0.5155466,0.10958904,0.79452056
3P%,2014 - 2015,Pau Gasol,0.49436253,0.46153846,0.8032787,0.53941137,0.5669903,1.8846154,0.32051283
3P%,2018 - 2019,Dante Cunningham,0.47468355,0.46153846,0.7777778,0.20896165,0.49377593,0.203125,0.421875
3P%,2000 - 2001,John Stockton,0.50384027,0.46212122,0.81654674,0.39382562,0.58058435,0.25609756,1.6097561
3P%,2017 - 2018,Jose Calderon,0.5027027,0.46391752,0.8,0.2789019,0.5192308,0.03508772,0.47368422
3P%,2017 - 2018,Tomas Satoransky,0.5234375,0.46534654,0.78125,0.31900644,0.55593807,0.20547946,0.7123288
3P%,1999 - 2000,Bruce Bowen,0.371134,0.46551725,0.5813953,0.22323462,0.420339,0.2173913,0.33333334
3P%,2001 - 2002,Eric Piatkowski,0.44136462,0.46638656,0.8938053,0.36437717,0.5109756,0.16901408,0.57746476
3P%,2017 - 2018,Darren Collison,0.49529782,0.46829268,0.8819444,0.42358187,0.5460993,0.2173913,1.3333334
3P%,2001 - 2002,Jon Barry,0.48757172,0.46899223,0.9230769,0.37210473,0.5389755,0.24390244,1.1341463
3P%,2007 - 2008,Steve Nash,0.504158,0.46981627,0.90612245,0.4931832,0.5579345,0.061728396,0.654321
3P%,2001 - 2002,Steve Smith,0.45454547,0.4715447,0.878453,0.4046112,0.52750224,0.19480519,0.7012987
3P%,2011 - 2012,Steve Novak,0.47774482,0.4716312,0.84615386,0.46741793,0.4899225,0.16666667,0.2962963
3P%,2013 - 2014,Kyle Korver,0.47454843,0.4719388,0.9255319,0.35291675,0.51232874,0.33802816,0.9859155
3P%,2010 - 2011,Gordon Hayward,0.48464164,0.47297296,0.7113402,0.3186335,0.5301724,0.2638889,0.41666666
3P%,2018 - 2019,Joe Harris,0.5,0.47409326,0.8270677,0.45389143,0.5264404,0.2236842,0.5
3P%,2016 - 2017,Jason Smith,0.52887535,0.47435898,0.6862745,0.3933321,0.5371179,0.7297297,0.2837838
3P%,2015 - 2016,J.J. Redick,0.47954544,0.4750594,0.88780487,0.58467263,0.53386456,0.06666667,0.56
3P%,2015 - 2016,Enes Kanter,0.5757997,0.47619048,0.7968128,0.6032429,0.629667,0.40243903,0.31707317
3P%,1999 - 2000,Jeff Hornacek,0.49175823,0.47826087,0.95,0.44678855,0.56883365,0.20779221,0.85714287
3P%,2009 - 2010,Zydrunas Ilgauskas,0.44292238,0.47826087,0.7425743,0.35412776,0.49822065,0.78125,0.21875
3P%,2004 - 2005,Joe Johnson,0.46140796,0.4783784,0.75,0.43236566,0.49508387,0.29268292,0.9634146
3P%,2003 - 2004,Anthony Peeler,0.44827586,0.4822695,0.8360656,0.30962643,0.5,0.13333334,0.74666667
3P%,2004 - 2005,Fred Hoiberg,0.48943663,0.4827586,0.872549,0.34355345,0.56120527,0.19736843,0.65789473
3P%,2007 - 2008,Jason Kapono,0.48795182,0.48305085,0.8604651,0.37913454,0.51138085,0.024691358,0.41975307
3P%,1999 - 2000,Hubert Davis,0.4676724,0.49101797,0.8701299,0.32085857,0.5169492,0.03797468,0.30379745
3P%,2014 - 2015,Kyle Korver,0.48666668,0.4922049,0.89830506,0.37678882,0.5304199,0.56,0.6933333
3P%,2005 - 2006,Josh Childress,0.5515873,0.4923077,0.76616913,0.32999778,0.6025974,0.527027,1.1621622
3P%,2019 - 2020,Rodney Hood,0.50581396,0.49295774,0.7777778,0.37174723,0.52962965,0.1904762,0.8095238
3P%,1999 - 2000,Brian Grant,0.49147728,0.5,0.67469877,0.3469388,0.55,0.44444445,0.50793654
3P%,1999 - 2000,Marcus Camby,0.47983015,0.5,0.6696833,0.3882429,0.54034585,1.9661016,0.7288136
3P%,1999 - 2000,Michael Doleac,0.45233646,0.5,0.84210527,0.42322096,0.511076,0.41975307,0.3580247
3P%,1999 - 2000,Olden Polynice,0.51005024,0.5,0.31111112,0.23914239,0.47346938,1.0243902,0.36585367
3P%,2000 - 2001,Bo Outlaw,0.61413044,0.5,0.5733333,0.2296764,0.59831935,1.7125,1.3125
3P%,2000 - 2001,Eddie Robinson,0.53071254,0.5,0.72727275,0.41465446,0.56513023,0.47761193,0.74626863
3P%,2000 - 2001,Greg Ostertag,0.49466193,0.5,0.5562914,0.24346076,0.516129,1.7530864,0.27160493
3P%,2000 - 2001,Sean Rooks,0.4278481,0.5,0.74825174,0.2871861,0.51296294,0.7804878,0.41463414
3P%,2001 - 2002,Bo Outlaw,0.55518395,0.5,0.42156863,0.19502075,0.5210918,1.1084337,0.8433735
3P%,2001 - 2002,Jason Collins,0.4208633,0.5,0.7012195,0.24893314,0.5247748,0.6103896,0.37662336
3P%,2001 - 2002,Kevin Ollie,0.388102,0.5,0.8237885,0.2684486,0.5584192,0.024691358,0.7654321
3P%,2001 - 2002,Lee Nailon,0.4829843,0.5,0.74666667,0.44531658,0.5262009,0.21518987,0.7468355
3P%,2002 - 2003,Arvydas Sabonis,0.4764543,0.5,0.7865854,0.3937138,0.5725047,0.6282051,0.78205127
3P%,2002 - 2003,Juwan Howard,0.44964314,0.5,0.8034188,0.51960427,0.5266089,0.35064936,1.0
3P%,2002 - 2003,Yao Ming,0.49813664,0.5,0.8113208,0.46328157,0.5967742,1.7926829,0.37804878
3P%,2003 - 2004,Darvin Ham,0.49333334,0.5,0.6,0.19793814,0.52678573,0.14814815,0.24074075
3P%,2003 - 2004,Kwame Brown,0.48896435,0.5,0.6826347,0.35985696,0.5589189,0.7027027,0.8918919
3P%,2004 - 2005,Kurt Thomas,0.47058824,0.5,0.78571427,0.32084063,0.4974722,0.9875,0.875
3P%,2004 - 2005,Ryan Bowen,0.4234234,0.5,0.6666667,0.18438539,0.46376812,0.07575758,0.34848484
3P%,2005 - 2006,DeSagana Diop,0.48701298,0.5,0.5416667,0.12584448,0.50438595,1.8024691,0.54320985
3P%,2006 - 2007,Dwight Howard,0.60252005,0.5,0.5855856,0.47726145,0.59506816,1.902439,0.85365856
3P%,2006 - 2007,Jacque Vaughn,0.4251497,0.5,0.75384617,0.25263157,0.517094,0.03125,0.375
3P%,2006 - 2007,Shelden Williams,0.45479453,0.5,0.7638889,0.29335976,0.54191035,0.4814815,0.6419753
3P%,2007 - 2008,Malik Allen,0.48012233,0.5,0.92,0.3084786,0.51129943,0.42465752,0.26027396
3P%,2008 - 2009,Dominic McGuire,0.43209878,0.5,0.7254902,0.1717898,0.5023256,0.93670887,0.7848101
3P%,2008 - 2009,Pau Gasol,0.56650716,0.5,0.78132117,0.5094522,0.6298789,1.0,0.6419753
3P%,2008 - 2009,Solomon Jones,0.6036036,0.5,0.7162162,0.278436,0.64705884,0.53968257,0.11111111
3P%,2009 - 2010,Roy Hibbert,0.4948849,0.5,0.75446427,0.46491057,0.55237156,1.6172839,0.37037036
3P%,2009 - 2010,Serge Ibaka,0.5432432,0.5,0.6304348,0.34834516,0.5603448,1.3287672,0.34246576
3P%,2010 - 2011,Al Horford,0.55700326,0.5,0.79787236,0.43569922,0.5974843,1.038961,0.76623374
3P%,2011 - 2012,Trevor Booker,0.53079176,0.5,0.60215056,0.3321706,0.54587156,0.86,0.96
3P%,2012 - 2013,Al Horford,0.54339623,0.5,0.6442308,0.46762198,0.55965465,1.054054,1.054054
3P%,2016 - 2017,Jonas Valanciunas,0.5569801,0.5,0.8110599,0.46429437,0.616721,0.7875,0.4625
3P%,2016 - 2017,Tarik Black,0.5102041,0.5,0.7522936,0.35108626,0.5753086,0.6567164,0.43283582
3P%,2017 - 2018,Jakob Poeltl,0.6588542,0.5,0.5940594,0.37216935,0.6447639,1.2195122,0.47560975
3P%,2018 - 2019,Willie Cauley-Stein,0.5560054,0.5,0.5511811,0.43611878,0.554664,0.6296296,1.1851852
3P%,2019 - 2020,JaVale McGee,0.6372549,0.5,0.64634144,0.39465535,0.6370558,1.382353,0.5294118
3P%,2006 - 2007,Jason Kapono,0.4937833,0.51428574,0.8918919,0.41301274,0.5336482,0.029850746,0.5671642
3P%,2018 - 2019,Domantas Sabonis,0.59,0.5294118,0.71477664,0.56731033,0.625,0.4054054,0.6486486
3P%,2016 - 2017,Pau Gasol,0.50165564,0.53846157,0.70652175,0.48687527,0.54820627,1.09375,0.375
3P%,2019 - 2020,Hassan Whiteside,0.6210826,0.5714286,0.68619245,0.51785094,0.6371308,2.925373,0.3880597
3P%,2019 - 2020,Dwight Howard,0.72924185,0.6,0.5140187,0.3959562,0.63508064,1.1449275,0.44927537
3P%,2008 - 2009,Dahntay Jones,0.45833334,0.64705884,0.7284768,0.3009048,0.5456349,0.24050634,0.62025315
3P%,2001 - 2002,Joe Smith,0.5111876,0.6666667,0.8300971,0.39906347,0.5949367,0.8194444,0.5416667
3P%,2002 - 2003,Kurt Thomas,0.48346305,0.6666667,0.75,0.4402174,0.52427983,1.1975309,1.0
3P%,2007 - 2008,Brian Skinner,0.46464646,0.6666667,0.52380955,0.25947866,0.4810606,1.1666666,0.3181818
3P%,2011 - 2012,Shaun Livingston,0.4686347,0.6666667,0.7848101,0.2913155,0.5410765,0.3448276,0.46551725
3P%,1999 - 2000,Jamie Feick,0.427896,1.0,0.7067669,0.20491071,0.49731663,0.4691358,0.5308642
3P%,1999 - 2000,Joe Smith,0.46388444,1.0,0.75581396,0.39189872,0.54988664,1.0897436,0.5769231
3P%,2000 - 2001,Mark Madsen,0.48672566,1.0,0.7027027,0.21372855,0.54304636,0.114285715,0.114285715
3P%,2001 - 2002,Anthony Mason,0.50479233,1.0,0.6968326,0.2503977,0.5554245,0.2682927,0.69512194
3P%,2001 - 2002,Tony Massenburg,0.4555874,1.0,0.71794873,0.32473812,0.52248394,0.42465752,0.41095892
3P%,2002 - 2003,Marc Jackson,0.4383954,1.0,0.76510066,0.4048077,0.53707415,0.38961038,0.3116883
3P%,2003 - 2004,Eddy Curry,0.49642858,1.0,0.67142856,0.49675024,0.54827875,1.1369863,0.32876712
3P%,2005 - 2006,Malik Rose,0.37366548,1.0,0.7810219,0.28464016,0.50835323,0.19444445,0.5972222
3P%,2006 - 2007,Eddy Curry,0.5757874,1.0,0.6145675,0.55325425,0.5912888,0.49382716,0.41975307
3P%,2006 - 2007,Elton Brand,0.5326177,1.0,0.7613883,0.53354996,0.59593546,2.2375,0.9625
3P%,2007 - 2008,Reggie Evans,0.43930635,1.0,0.46692607,0.22618414,0.45198676,0.09876543,1.0617284
3P%,2008 - 2009,Marcin Gortat,0.56684494,1.0,0.5777778,0.30096966,0.57081544,0.84126985,0.2857143
3P%,2008 - 2009,Yao Ming,0.54844964,1.0,0.8659091,0.58478177,0.64358455,1.9480519,0.38961038
3P%,2009 - 2010,Al Horford,0.55135775,1.0,0.7888889,0.40351495,0.6091234,1.1234568,0.72839504
3P%,2011 - 2012,D.J. White,0.49291784,1.0,0.704918,0.35704526,0.5253012,0.39655173,0.29310346
3P%,2011 - 2012,Johan Petro,0.41923076,1.0,0.8378378,0.27173913,0.47315437,0.3898305,0.3559322
3P%,2012 - 2013,Enes Kanter,0.54353565,1.0,0.7948718,0.46951842,0.6036217,0.45714286,0.4
3P%,2012 - 2013,JaVale McGee,0.57495254,1.0,0.5913978,0.5002093,0.57983196,1.9873418,0.37974682
3P%,2013 - 2014,Marcin Gortat,0.5416667,1.0,0.6855895,0.4022599,0.5728972,1.4938271,0.50617284
3P%,2015 - 2016,Andrew Bogut,0.6272401,1.0,0.48,0.25838903,0.6060606,1.6285714,0.45714286
3P%,2017 - 2018,Hassan Whiteside,0.53979236,1.0,0.7032967,0.5527049,0.5800525,1.7407408,0.7037037
3P%,2019 - 2020,Tony Bradley,0.6666667,1.0,0.65217394,0.42973462,0.6680672,0.5689655,0.2413793
FT%,2016 - 2017,Danilo Gallinari,0.44666666,0.3888889,0.9018088,0.53655106,0.5544148,0.23809524,0.63492066
FT%,2005 - 2006,Ray Allen,0.454,0.41194487,0.90250695,0.64681554,0.5071656,0.20512821,1.3461539
FT%,2019 - 2020,Bojan Bogdanovic,0.44705883,0.41356674,0.9025271,0.6121567,0.51348114,0.11111111,0.53968257
FT%,2013 - 2014,Trey Burke,0.38015607,0.33035713,0.9026549,0.3955976,0.4115899,0.08571429,0.6
FT%,2017 - 2018,Jamal Crawford,0.41509435,0.3312102,0.9026549,0.4972175,0.43969205,0.1125,0.5
FT%,2006 - 2007,Ray Allen,0.43798786,0.37246048,0.9029126,0.65525013,0.49816272,0.2,1.4909091
FT%,2016 - 2017,C.J. Miles,0.43431222,0.41320294,0.9032258,0.45881888,0.46475196,0.32894737,0.6052632
FT%,2018 - 2019,Marco Belinelli,0.41304347,0.3721519,0.9032258,0.45664868,0.44995865,0.101265825,0.443038
FT%,2017 - 2018,J.J. Redick,0.4596132,0.41956523,0.9036697,0.5662161,0.50995505,0.08571429,0.5
FT%,2006 - 2007,Dirk Nowitzki,0.50186425,0.41618496,0.9038113,0.6792399,0.60193706,0.7948718,0.6666667
FT%,2006 - 2007,Matt Carroll,0.4331307,0.41573033,0.90384614,0.46267703,0.5154457,0.125,0.7361111
FT%,2018 - 2019,Danilo Gallinari,0.46266967,0.4327957,0.9039409,0.6536202,0.5637786,0.3382353,0.7205882
FT%,2015 - 2016,Jamal Crawford,0.40362087,0.3401163,0.90405905,0.52676135,0.47683397,0.15189873,0.65822786
FT%,2012 - 2013,Toney Douglas,0.40343347,0.37962964,0.9047619,0.41459626,0.45169714,0.04225352,1.0
FT%,2016 - 2017,Kyle Korver,0.46407768,0.45125347,0.9047619,0.3867435,0.47925764,0.31343284,0.5074627
FT%,2017 - 2018,Jamal Murray,0.45103577,0.37844038,0.9051383,0.52711606,0.49857223,0.34567901,0.97530866
FT%,2013 - 2014,Ray Allen,0.44198895,0.37540454,0.9051724,0.36212417,0.47623968,0.10958904,0.739726
FT%,2012 - 2013,Kevin Durant,0.5101186,0.41616768,0.90533334,0.73102695,0.61541516,1.2962962,1.4320987
FT%,2016 - 2017,Kyrie Irving,0.47253522,0.40136054,0.9054878,0.71932185,0.5230699,0.33333334,1.1527778
FT%,2010 - 2011,D.J. Augustin,0.4164927,0.33333334,0.9057239,0.42726052,0.49055415,0.036585364,0.6585366
FT%,2011 - 2012,Jodie Meeks,0.40899357,0.36466166,0.90588236,0.33826125,0.44621027,0.045454547,0.6060606
FT%,2007 - 2008,Steve Nash,0.504158,0.46981627,0.90612245,0.4931832,0.5579345,0.061728396,0.654321
FT%,2012 - 2013,Wayne Ellington,0.42722118,0.39166668,0.9066667,0.36970136,0.45971563,0.03846154,0.5769231
FT%,2019 - 2020,Chris Paul,0.48928973,0.3651316,0.90681005,0.5580721,0.54285717,0.15714286,1.5857143
FT%,2012 - 2013,Roger Mason,0.43278688,0.41509435,0.90697676,0.30283135,0.46745563,0.1594203,0.3768116
FT%,2009 - 2010,Luke Ridnour,0.47813413,0.38121548,0.9071429,0.4844763,0.5203575,0.085365854,0.6585366
FT%,2007 - 2008,Ray Allen,0.44523326,0.39823008,0.907173,0.48521116,0.49791044,0.21917808,0.89041096
FT%,2015 - 2016,Mario Hezonja,0.43301436,0.34895834,0.9074074,0.33833522,0.44728917,0.21518987,0.49367088
FT%,2015 - 2016,Stephen Curry,0.5037547,0.4537246,0.9075,0.8796296,0.5443828,0.18987341,2.1392405
FT%,2007 - 2008,Ben Gordon,0.4340505,0.41040462,0.90784985,0.5830751,0.51053864,0.11111111,0.7638889
FT%,2017 - 2018,Marco Belinelli,0.44109946,0.37721518,0.90797544,0.4987416,0.4795764,0.15,0.825
FT%,1999 - 2000,Muggsy Bogues,0.4385475,0.33333334,0.90804595,0.23685731,0.51008064,0.05,0.8125
FT%,2007 - 2008,Jose Calderon,0.51909477,0.4293478,0.90833336,0.3712353,0.5489614,0.07317073,1.0609756
FT%,2002 - 2003,Steve Nash,0.46499103,0.4126394,0.90855455,0.53670233,0.54413474,0.07317073,1.0365853
FT%,2000 - 2001,Allan Houston,0.44867548,0.3809524,0.90879476,0.51049685,0.5189587,0.12820514,0.6666667
FT%,2012 - 2013,Brian Roberts,0.41682974,0.38562092,0.90909094,0.41924763,0.46153846,0.03846154,0.47435898
FT%,2012 - 2013,Steve Novak,0.41395348,0.42450142,0.90909094,0.32608032,0.43857494,0.09876543,0.34567901
FT%,2016 - 2017,Isaiah Thomas,0.46300068,0.37925696,0.90909094,0.85614175,0.54804915,0.17105263,0.92105263
FT%,2005 - 2006,Sarunas Jasikevicius,0.3962704,0.3644068,0.9097744,0.35109115,0.47243106,0.053333335,0.53333336
FT%,2009 - 2010,Chauncey Billups,0.41787943,0.3857494,0.91015625,0.5732075,0.5449229,0.12328767,1.1232877
FT%,2001 - 2002,Reggie Miller,0.45345017,0.40632054,0.9107692,0.45136726,0.5294468,0.12658228,1.113924
FT%,2011 - 2012,J.J. Redick,0.42465752,0.41791046,0.91082805,0.42561632,0.49851337,0.092307694,0.41538462
FT%,2010 - 2011,Shannon Brown,0.42457232,0.3490566,0.9108911,0.45399478,0.45920503,0.19512194,0.81707317
FT%,1999 - 2000,Darrell Armstrong,0.43252903,0.33995038,0.91093117,0.5135135,0.4782363,0.1097561,2.0609756
FT%,2016 - 2017,C.J. McCollum,0.48022208,0.4214123,0.91156465,0.65708053,0.5266789,0.525,0.9
FT%,2010 - 2011,Steve Nash,0.4919852,0.39512196,0.9116466,0.442967,0.55889326,0.053333335,0.64
FT%,2008 - 2009,Mo Williams,0.46714032,0.43571427,0.9122807,0.50915635,0.5169109,0.11111111,0.8518519
FT%,2018 - 2019,Damian Lillard,0.444227,0.36858475,0.9122807,0.72835547,0.51543325,0.425,1.1
FT%,2008 - 2009,Chauncey Billups,0.41836736,0.40806046,0.91266376,0.50208,0.53950953,0.2278481,1.1772152
FT%,2008 - 2009,Steve Novak,0.44444445,0.4160839,0.9130435,0.4238091,0.44822696,0.07042254,0.28169015
FT%,2009 - 2010,Ray Allen,0.47687563,0.36340854,0.9130435,0.46255898,0.51692307,0.3125,0.8
FT%,2006 - 2007,Kyle Korver,0.4402367,0.42996743,0.9138756,0.46632576,0.5106539,0.27027026,0.7702703
FT%,2014 - 2015,Stephen Curry,0.48695004,0.44272447,0.91394657,0.7270779,0.5365749,0.2,2.0375
FT%,2004 - 2005,Damon Stoudamire,0.39227468,0.36938775,0.91457283,0.46234614,0.44228694,0.024691358,1.0617284
FT%,2009 - 2010,Dirk Nowitzki,0.48128343,0.4214876,0.9146758,0.66703963,0.59328187,0.97530866,0.86419755
FT%,2011 - 2012,Ray Allen,0.45841786,0.45299146,0.9150943,0.41853034,0.515006,0.17391305,1.0652174
FT%,2005 - 2006,Peja Stojakovic,0.43713164,0.4009901,0.9153846,0.49594402,0.5023781,0.14084508,0.63380283
FT%,2007 - 2008,Kyle Korver,0.44347826,0.375,0.9153846,0.4270791,0.4845155,0.38666666,0.56
FT%,2002 - 2003,Ray Allen,0.43873808,0.3771107,0.915942,0.59479165,0.49754575,0.18421052,1.3552631
FT%,2019 - 2020,Khris Middleton,0.49736008,0.41525424,0.9162996,0.70002156,0.5405759,0.11290322,0.8548387
FT%,2003 - 2004,Steve Nash,0.4698225,0.40466926,0.9163347,0.4316877,0.5402809,0.102564104,0.85897434
FT%,2017 - 2018,Damian Lillard,0.43886927,0.3608903,0.91635686,0.73483145,0.51936483,0.369863,1.0684931
FT%,2018 - 2019,Stephen Curry,0.47164178,0.43703705,0.9163763,0.80684596,0.51251537,0.36231884,1.3333334
FT%,2010 - 2011,Chauncey Billups,0.42695215,0.40220386,0.9164678,0.5229211,0.55139595,0.19444445,0.9861111
FT%,2007 - 2008,Eddie House,0.4086629,0.39261746,0.9166667,0.39448798,0.42427745,0.12820514,0.75641024
FT%,2007 - 2008,Chauncey Billups,0.4481186,0.4005848,0.9176201,0.5249385,0.56219804,0.21794872,1.2948718
FT%,2007 - 2008,Darius Songaila,0.45824412,0.0,0.91780823,0.31849182,0.5184502,0.2,0.6625
FT%,2006 - 2007,Michael Finley,0.4117647,0.36363637,0.9183673,0.4058575,0.4460363,0.19512194,0.3902439
FT%,2017 - 2018,Chris Paul,0.45989975,0.37994722,0.91855204,0.5854002,0.5107296,0.2413793,1.6551725
FT%,1999 - 2000,Reggie Miller,0.4476465,0.40841585,0.91871923,0.49213257,0.5424095,0.30864197,1.0493827
FT%,2002 - 2003,Allan Houston,0.4450512,0.39555556,0.91898733,0.59362936,0.5164502,0.085365854,0.6585366
FT%,2017 - 2018,Courtney Lee,0.45430464,0.40647483,0.91935486,0.3952552,0.4926534,0.2236842,1.0526316
FT%,2019 - 2020,Devin Booker,0.48869836,0.35427135,0.9194499,0.74169916,0.56438357,0.25714287,0.7
FT%,2004 - 2005,Peja Stojakovic,0.44389763,0.40184757,0.92,0.52446723,0.50928074,0.18181819,1.1969697
FT%,2007 - 2008,Malik Allen,0.48012233,0.5,0.92,0.3084786,0.51129943,0.42465752,0.26027396
FT%,2017 - 2018,Stephen Curry,0.49537036,0.4231537,0.9205298,0.8252606,0.5506899,0.15686275,1.5686275
FT%,2004 - 2005,Earl Boykins,0.41262135,0.33734939,0.9207921,0.46968997,0.52204174,0.14634146,0.9512195
FT%,2008 - 2009,Sasha Vujacic,0.38653368,0.3632287,0.92105263,0.35648006,0.43714285,0.0875,0.9625
FT%,2005 - 2006,Steve Nash,0.5123106,0.4385965,0.9211469,0.53243226,0.56529516,0.15189873,0.7721519
FT%,2001 - 2002,Jon Barry,0.48757172,0.46899223,0.9230769,0.37210473,0.5389755,0.24390244,1.1341463
FT%,2007 - 2008,Quincy Douby,0.39402986,0.3442623,0.9230769,0.40387908,0.4361493,0.16216215,0.4054054
FT%,2013 - 2014,Kyle Korver,0.47454843,0.4719388,0.9255319,0.35291675,0.51232874,0.33802816,0.9859155
FT%,2019 - 2020,Brad Wanamaker,0.44751382,0.3627451,0.9264706,0.35570812,0.5416667,0.1971831,0.85915494
FT%,2003 - 2004,Peja Stojakovic,0.479798,0.433213,0.9270588,0.6017157,0.54926,0.17283951,1.3333334
FT%,2011 - 2012,Jamal Crawford,0.38398916,0.30769232,0.92718446,0.5190054,0.46051538,0.23333333,0.9166667
FT%,2018 - 2019,Malcolm Brogdon,0.5053476,0.4262295,0.92763156,0.54648685,0.5445804,0.203125,0.71875
FT%,2003 - 2004,Steve Smith,0.40614334,0.40186915,0.92771083,0.38577586,0.49482402,0.08450704,0.2112676
FT%,2000 - 2001,Reggie Miller,0.43962586,0.36637932,0.9281609,0.48003772,0.5080483,0.18518518,1.0
FT%,2007 - 2008,Peja Stojakovic,0.43957114,0.4408397,0.9285714,0.4658282,0.48047337,0.12987013,0.74025977
FT%,2019 - 2020,Duncan Robinson,0.47016013,0.44554454,0.9305556,0.45391577,0.48351648,0.26027396,0.47945204
FT%,2004 - 2005,Jim Jackson,0.42611682,0.41355932,0.9310345,0.33802816,0.45347592,0.078125,0.546875
FT%,2011 - 2012,Anthony Morrow,0.41337386,0.37062937,0.9326923,0.45648986,0.45324427,0.14516129,0.7419355
FT%,2004 - 2005,Reggie Miller,0.43671766,0.32214764,0.9328358,0.46270785,0.51361865,0.07575758,0.75757575
FT%,2008 - 2009,Steve Nash,0.50293773,0.4390244,0.93333334,0.46698874,0.5600612,0.13513513,0.7432432
FT%,2010 - 2011,Stephen Curry,0.47958216,0.44152048,0.9339207,0.55162716,0.5351418,0.27027026,1.472973
FT%,2009 - 2010,Steve Nash,0.506599,0.42611682,0.93777776,0.5011655,0.55562955,0.14814815,0.5185185
FT%,2013 - 2014,Brian Roberts,0.41996557,0.35955057,0.9398496,0.4061675,0.485426,0.097222224,0.5972222
FT%,1999 - 2000,Jeff Hornacek,0.49175823,0.47826087,0.95,0.44678855,0.56883365,0.20779221,0.85714287
FT%,2008 - 2009,Ray Allen,0.4798077,0.40946501,0.9518072,0.49864385,0.5267606,0.16455697,0.87341774
FT%,2019 - 2020,Tony Snell,0.4450262,0.4015748,1.0,0.28883067,0.4550898,0.2542373,0.5423729
PTS_per_MIN,2010 - 2011,Kevin Durant,0.46228868,0.35024154,0.88,0.7113935,0.5519604,0.974359,1.1282052
PTS_per_MIN,2008 - 2009,Danny Granger,0.44714174,0.40444446,0.87826085,0.7128125,0.5290352,1.4477612,1.0298507
PTS_per_MIN,2016 - 2017,Lou Williams,0.4288577,0.36547086,0.8796499,0.7128524,0.5223566,0.24691358,0.9876543
PTS_per_MIN,2006 - 2007,Gilbert Arenas,0.41795865,0.3510274,0.8440111,0.71557266,0.511579,0.17567568,1.8783784
PTS_per_MIN,2010 - 2011,Carmelo Anthony,0.4550898,0.37848607,0.8380165,0.7160252,0.5451462,0.5974026,0.8831169
PTS_per_MIN,2001 - 2002,Allen Iverson,0.39844218,0.29104477,0.8119658,0.7181541,0.48295003,0.21666667,2.8
PTS_per_MIN,2013 - 2014,Kevin Love,0.45742434,0.37623763,0.821485,0.7187556,0.5314576,0.45454547,0.76623374
PTS_per_MIN,2016 - 2017,Kyrie Irving,0.47253522,0.40136054,0.9054878,0.71932185,0.5230699,0.33333334,1.1527778
PTS_per_MIN,2013 - 2014,LeBron James,0.5668884,0.37908497,0.75042737,0.7198732,0.5891266,0.33766234,1.5714285
PTS_per_MIN,2004 - 2005,Amar'e Stoudemire,0.55913174,0.1875,0.73333335,0.7202216,0.6208663,1.625,0.9625
PTS_per_MIN,2010 - 2011,Kevin Martin,0.4364641,0.38344225,0.88789237,0.72084534,0.5524008,0.1875,1.0
PTS_per_MIN,2018 - 2019,Kyrie Irving,0.48670426,0.40092167,0.8734694,0.7208672,0.51666665,0.5074627,1.5373135
PTS_per_MIN,2005 - 2006,Carmelo Anthony,0.48091602,0.24342105,0.8081805,0.7217442,0.5614468,0.525,1.1
PTS_per_MIN,2002 - 2003,Kobe Bryant,0.45114344,0.38271606,0.84291726,0.72339803,0.5379939,0.81707317,2.207317
PTS_per_MIN,2011 - 2012,LeBron James,0.5312233,0.36241612,0.77091634,0.72349757,0.5835165,0.8064516,1.8548387
PTS_per_MIN,2006 - 2007,Dwyane Wade,0.49064448,0.2658228,0.80747664,0.72360927,0.58692896,1.2156863,2.0980392
PTS_per_MIN,2011 - 2012,Kobe Bryant,0.4296407,0.3031359,0.8447894,0.7239495,0.5024108,0.31034482,1.1896552
PTS_per_MIN,2004 - 2005,Allen Iverson,0.4240924,0.30769232,0.8346056,0.7252678,0.52039427,0.12,2.4
PTS_per_MIN,2002 - 2003,Shaquille O'Neal,0.5739059,0.0,0.62206894,0.72623277,0.59194213,2.3731344,0.5671642
PTS_per_MIN,2011 - 2012,Kevin Durant,0.49575946,0.3866279,0.86027944,0.7265444,0.56349206,1.1666666,1.3333334
PTS_per_MIN,2000 - 2001,Shaquille O'Neal,0.57172996,0.0,0.5133745,0.7267442,0.5475793,2.7567568,0.6351351
PTS_per_MIN,2014 - 2015,Stephen Curry,0.48695004,0.44272447,0.91394657,0.7270779,0.5365749,0.2,2.0375
PTS_per_MIN,2007 - 2008,Kobe Bryant,0.45857987,0.36144578,0.8396226,0.7276885,0.54373026,0.4878049,1.8414634
PTS_per_MIN,2019 - 2020,Paul George,0.43861893,0.4120735,0.875576,0.7280288,0.5,0.41666666,1.4166666
PTS_per_MIN,2018 - 2019,Damian Lillard,0.444227,0.36858475,0.9122807,0.72835547,0.51543325,0.425,1.1
PTS_per_MIN,2017 - 2018,Giannis Antetokounmpo,0.52924395,0.30714285,0.75975037,0.7307162,0.5826844,1.4133333,1.4533334
PTS_per_MIN,2012 - 2013,Kevin Durant,0.5101186,0.41616768,0.90533334,0.73102695,0.61541516,1.2962962,1.4320987
PTS_per_MIN,2009 - 2010,Dwyane Wade,0.47584382,0.30041152,0.7606838,0.7323449,0.53990227,1.0649351,1.8441558
PTS_per_MIN,2019 - 2020,LeBron James,0.4934766,0.34823528,0.6929134,0.73306566,0.5002371,0.53731346,1.1641791
PTS_per_MIN,2019 - 2020,Zach LaVine,0.44954127,0.38016528,0.8023952,0.7336722,0.49132374,0.46666667,1.4666667
PTS_per_MIN,2018 - 2019,Kemba Walker,0.43408552,0.35567716,0.84444445,0.7342975,0.47853404,0.41463414,1.2439024
PTS_per_MIN,2017 - 2018,Damian Lillard,0.43886927,0.3608903,0.91635686,0.73483145,0.51936483,0.369863,1.0684931
PTS_per_MIN,2005 - 2006,LeBron James,0.47997805,0.33509234,0.73832923,0.73721474,0.5314987,0.835443,1.556962
PTS_per_MIN,2009 - 2010,Carmelo Anthony,0.4580559,0.315508,0.83006537,0.73760533,0.54541504,0.4347826,1.2753624
PTS_per_MIN,2018 - 2019,Karl-Anthony Towns,0.51826483,0.4,0.83555555,0.73879045,0.5658329,1.6233766,0.8701299
PTS_per_MIN,2000 - 2001,Jerry Stackhouse,0.40166062,0.35095137,0.82222223,0.7402799,0.50031155,0.675,1.2125
PTS_per_MIN,2000 - 2001,Allen Iverson,0.42029786,0.32026145,0.81363004,0.74085265,0.50916135,0.28169015,2.5070422
PTS_per_MIN,1999 - 2000,Shaquille O'Neal,0.57417417,0.0,0.52427185,0.7410686,0.55742973,3.0253165,0.4556962
PTS_per_MIN,2019 - 2020,Devin Booker,0.48869836,0.35427135,0.9194499,0.74169916,0.56438357,0.25714287,0.7
PTS_per_MIN,2007 - 2008,Amar'e Stoudemire,0.5895954,0.16129032,0.804631,0.7430514,0.6595965,2.063291,0.8101266
PTS_per_MIN,2007 - 2008,LeBron James,0.48355663,0.31476322,0.71206224,0.7433593,0.5252525,1.08,1.84
PTS_per_MIN,2008 - 2009,Kobe Bryant,0.46728972,0.35119048,0.85638297,0.7434806,0.5363706,0.4512195,1.4634147
PTS_per_MIN,2014 - 2015,James Harden,0.44013605,0.37477478,0.86771846,0.74376005,0.5510706,0.7407407,1.9012346
PTS_per_MIN,2017 - 2018,LeBron James,0.54240507,0.36699507,0.7306968,0.74393547,0.5538339,0.86585367,1.4146341
PTS_per_MIN,2010 - 2011,Kobe Bryant,0.4514948,0.32303372,0.8284734,0.7478317,0.51900697,0.14634146,1.2073171
PTS_per_MIN,2018 - 2019,Kevin Durant,0.5213304,0.3530928,0.8853755,0.7502961,0.5735617,1.0769231,0.74358976
PTS_per_MIN,2016 - 2017,Kevin Durant,0.537037,0.375,0.875,0.7510626,0.583043,1.5967742,1.0645162
PTS_per_MIN,2016 - 2017,Damian Lillard,0.44422042,0.36960277,0.89541286,0.75155026,0.52182233,0.26666668,0.9066667
PTS_per_MIN,2018 - 2019,Lou Williams,0.42530757,0.36082473,0.87628865,0.7517061,0.52978057,0.14666666,0.76
PTS_per_MIN,2001 - 2002,Shaquille O'Neal,0.5788618,0.0,0.55509067,0.7522709,0.5698152,2.0447762,0.6119403
PTS_per_MIN,2008 - 2009,LeBron James,0.48915064,0.34375,0.77952754,0.75442046,0.549112,1.1481482,1.691358
PTS_per_MIN,2017 - 2018,Joel Embiid,0.48295453,0.3084112,0.7687366,0.7556346,0.5382844,1.7619047,0.63492066
PTS_per_MIN,2006 - 2007,Carmelo Anthony,0.4755678,0.26845637,0.8080986,0.7567589,0.5483871,0.35384616,1.1846154
PTS_per_MIN,2016 - 2017,Stephen Curry,0.46777546,0.41064638,0.8977901,0.7577136,0.51040864,0.21518987,1.7974683
PTS_per_MIN,2019 - 2020,Russell Westbrook,0.47150663,0.25821596,0.7631579,0.7578567,0.5064034,0.3508772,1.6315789
PTS_per_MIN,2018 - 2019,Devin Booker,0.46693227,0.32608697,0.8656388,0.75821775,0.52472913,0.203125,0.875
PTS_per_MIN,2017 - 2018,Kyrie Irving,0.49126035,0.4078624,0.8888889,0.7590349,0.53105414,0.28333333,1.0833334
PTS_per_MIN,2019 - 2020,Anthony Davis,0.5027372,0.33027524,0.8457143,0.7591255,0.58020663,2.3064516,1.467742
PTS_per_MIN,2018 - 2019,Paul George,0.43804213,0.38573316,0.8388889,0.7598367,0.49879766,0.44155845,2.2077923
PTS_per_MIN,2015 - 2016,James Harden,0.43908474,0.35920852,0.86021507,0.76041734,0.5355191,0.6219512,1.695122
PTS_per_MIN,2009 - 2010,LeBron James,0.5026178,0.33333334,0.767141,0.76139736,0.55431545,1.0131578,1.6447369
PTS_per_MIN,2016 - 2017,Kawhi Leonard,0.4847561,0.37984496,0.87992495,0.7629824,0.5609319,0.7432432,1.7972972
PTS_per_MIN,2009 - 2010,Kevin Durant,0.47601917,0.36467236,0.9,0.76312786,0.5869185,1.0243902,1.3658537
PTS_per_MIN,2005 - 2006,Allen Iverson,0.44731066,0.32286996,0.814234,0.76590943,0.5434934,0.1388889,1.9444444
PTS_per_MIN,2017 - 2018,Kevin Durant,0.5155483,0.41888618,0.8886139,0.7707195,0.5698872,1.75,0.7352941
PTS_per_MIN,2016 - 2017,DeMar DeRozan,0.46666667,0.26612905,0.8423493,0.7709335,0.56088084,0.17567568,1.054054
PTS_per_MIN,2017 - 2018,Anthony Davis,0.53351575,0.33950618,0.8277592,0.77363056,0.59855986,2.5733333,1.5333333
PTS_per_MIN,2012 - 2013,Carmelo Anthony,0.44929484,0.37922704,0.8300781,0.77363205,0.5180124,0.47761193,0.7761194
PTS_per_MIN,2006 - 2007,Kobe Bryant,0.46272054,0.34422112,0.86848956,0.7739593,0.55319875,0.46753246,1.4415585
PTS_per_MIN,2016 - 2017,Anthony Davis,0.5045872,0.29850745,0.80216384,0.7751967,0.5760728,2.2266667,1.2533333
PTS_per_MIN,2018 - 2019,LeBron James,0.509589,0.33944955,0.6650718,0.7768143,0.5146739,0.6,1.3090909
PTS_per_MIN,2019 - 2020,Joel Embiid,0.47690386,0.33139536,0.80689657,0.77827215,0.56107956,1.2745098,0.88235295
PTS_per_MIN,2015 - 2016,DeMarcus Cousins,0.4512012,0.33333334,0.71794873,0.77834177,0.5201814,1.4153847,1.5538461
PTS_per_MIN,2019 - 2020,Karl-Anthony Towns,0.5080386,0.41155234,0.79646015,0.7801179,0.5422222,1.2,0.94285715
PTS_per_MIN,2018 - 2019,Kawhi Leonard,0.49601418,0.37086093,0.8544601,0.7822763,0.55788904,0.4,1.7666667
PTS_per_MIN,2008 - 2009,Dwyane Wade,0.49108684,0.31654677,0.76523995,0.7828084,0.54949784,1.3417722,2.1898735
PTS_per_MIN,2018 - 2019,Anthony Davis,0.5165692,0.33103448,0.79445726,0.78486484,0.57481295,2.4107144,1.5714285
PTS_per_MIN,2015 - 2016,Kevin Durant,0.5054308,0.3875,0.89759034,0.78716636,0.56422216,1.1805556,0.9583333
PTS_per_MIN,2016 - 2017,DeMarcus Cousins,0.45181563,0.36088154,0.7716418,0.7877018,0.525355,1.2916666,1.3888888
PTS_per_MIN,2016 - 2017,James Harden,0.4396608,0.34656084,0.84676504,0.7995385,0.53059936,0.4691358,1.4938271
PTS_per_MIN,2019 - 2020,Damian Lillard,0.46256486,0.40059346,0.8880309,0.7996119,0.53286105,0.33333334,1.060606
PTS_per_MIN,2018 - 2019,Stephen Curry,0.47164178,0.43703705,0.9163763,0.80684596,0.51251537,0.36231884,1.3333334
PTS_per_MIN,2002 - 2003,Tracy McGrady,0.45725316,0.3861607,0.7933884,0.8148273,0.52828926,0.7866667,1.6533333
PTS_per_MIN,2018 - 2019,Joel Embiid,0.48373646,0.30038023,0.8043143,0.8174349,0.5594505,1.90625,0.71875
PTS_per_MIN,2014 - 2015,Russell Westbrook,0.42624065,0.2986111,0.8348624,0.81935877,0.5217571,0.20895523,2.0895522
PTS_per_MIN,2017 - 2018,Stephen Curry,0.49537036,0.4231537,0.9205298,0.8252606,0.5506899,0.15686275,1.5686275
PTS_per_MIN,2013 - 2014,Kevin Durant,0.5029621,0.3910387,0.8732919,0.83063716,0.5844504,0.72839504,1.2716049
PTS_per_MIN,2019 - 2020,Kawhi Leonard,0.46954986,0.37846154,0.88557214,0.83486634,0.5435484,0.57894737,1.8070176
PTS_per_MIN,2019 - 2020,Trae Young,0.43714973,0.36091548,0.8604651,0.8386397,0.5185185,0.13333334,1.0833334
PTS_per_MIN,2018 - 2019,Giannis Antetokounmpo,0.57818764,0.25615764,0.728863,0.8454885,0.5959738,1.5277778,1.2777778
PTS_per_MIN,2019 - 2020,Bradley Beal,0.4551036,0.35343036,0.84245074,0.8479447,0.5122713,0.40350878,1.245614
PTS_per_MIN,2016 - 2017,Isaiah Thomas,0.46300068,0.37925696,0.90909094,0.85614175,0.54804915,0.17105263,0.92105263
PTS_per_MIN,2017 - 2018,James Harden,0.44927537,0.367036,0.85832185,0.8589462,0.531401,0.6944444,1.75
PTS_per_MIN,2019 - 2020,Luka Doncic,0.4629482,0.31608135,0.7580071,0.8591804,0.4995759,0.22950819,0.9836066
PTS_per_MIN,2005 - 2006,Kobe Bryant,0.45006904,0.34749034,0.84981686,0.86431056,0.52820516,0.375,1.8375
PTS_per_MIN,2015 - 2016,Stephen Curry,0.5037547,0.4537246,0.9075,0.8796296,0.5443828,0.18987341,2.1392405
PTS_per_MIN,2016 - 2017,Russell Westbrook,0.42452344,0.34305316,0.8452381,0.9130171,0.5154578,0.38271606,1.6296296
PTS_per_MIN,2019 - 2020,James Harden,0.44385734,0.35468563,0.865,0.9405462,0.52676594,0.88235295,1.8382353
PTS_per_MIN,2019 - 2020,Giannis Antetokounmpo,0.55331177,0.30375427,0.6327504,0.9687516,0.5425926,1.0476191,0.96825397
PTS_per_MIN,2018 - 2019,James Harden,0.44159245,0.36770427,0.8787879,0.98301184,0.5204216,0.74358976,2.025641
Overall_Shooting%,2016 - 2017,Clint Capela,0.64298403,0.0,0.53107345,0.5272997,0.61621624,1.2153846,0.52307695
Overall_Shooting%,2011 - 2012,Nikola Pekovic,0.5638766,0.0,0.7433155,0.5150724,0.61622465,0.65957445,0.61702126
Overall_Shooting%,2007 - 2008,Kendrick Perkins,0.61494255,0.0,0.6229508,0.2834728,0.6165413,1.4615384,0.3974359
Overall_Shooting%,2016 - 2017,Jonas Valanciunas,0.5569801,0.5,0.8110599,0.46429437,0.616721,0.7875,0.4625
Overall_Shooting%,2019 - 2020,Brandon Clarke,0.6179541,0.359375,0.7589286,0.53846157,0.6167939,0.82758623,0.55172414
Overall_Shooting%,2019 - 2020,DeMar DeRozan,0.5309819,0.25714287,0.8447894,0.64928335,0.6169381,0.29411766,1.0294118
Overall_Shooting%,2018 - 2019,JaVale McGee,0.624025,0.083333336,0.6315789,0.5368686,0.6173913,1.9733334,0.62666667
Overall_Shooting%,2017 - 2018,Kyle O'Quinn,0.5833333,0.23529412,0.77165353,0.39665368,0.61742425,1.2727273,0.46753246
Overall_Shooting%,2018 - 2019,Bam Adebayo,0.5761317,0.2,0.7345133,0.38115653,0.6176066,0.79268295,0.86585367
Overall_Shooting%,2018 - 2019,Jakob Poeltl,0.6448276,0.0,0.5326087,0.33239037,0.6178011,0.8831169,0.37662336
Overall_Shooting%,2018 - 2019,Montrezl Harrell,0.6148649,0.1764706,0.6425121,0.6306181,0.6178923,1.3414634,0.86585367
Overall_Shooting%,2017 - 2018,Deyonta Davis,0.60754716,0.0,0.6666667,0.38192233,0.6180124,0.62903225,0.24193548
Overall_Shooting%,2007 - 2008,Mikki Moore,0.5766871,0.0,0.73626375,0.29263794,0.61812776,0.5609756,0.42682928
Overall_Shooting%,2007 - 2008,Erick Dampier,0.6425993,0.0,0.5753425,0.25071225,0.61938536,1.4722222,0.33333334
Overall_Shooting%,2002 - 2003,Shawn Bradley,0.536,0.0,0.8011364,0.3136915,0.6195652,2.0987654,0.80246913
Overall_Shooting%,2012 - 2013,Greg Smith,0.620438,0.0,0.6230769,0.3791768,0.61975306,0.5714286,0.25714287
Overall_Shooting%,2018 - 2019,Ivica Zubac,0.55936676,0.0,0.8015873,0.5051477,0.619802,0.86440676,0.23728813
Overall_Shooting%,2009 - 2010,Carl Landry,0.5359828,0.33333334,0.8056206,0.54396695,0.62013227,0.7875,0.6875
Overall_Shooting%,2015 - 2016,Hassan Whiteside,0.60557187,0.0,0.65045595,0.4893427,0.62017804,3.6849315,0.60273975
Overall_Shooting%,2010 - 2011,Amir Johnson,0.5676768,0.0,0.7875,0.37136996,0.62042683,1.2222222,0.7361111
Overall_Shooting%,2004 - 2005,Amar'e Stoudemire,0.55913174,0.1875,0.73333335,0.7202216,0.6208663,1.625,0.9625
Overall_Shooting%,2011 - 2012,Nick Collison,0.5970149,0.0,0.7096774,0.21732476,0.6212121,0.44444445,0.52380955
Overall_Shooting%,2016 - 2017,Salah Mejri,0.6423358,0.33333334,0.59016395,0.23533311,0.62189054,0.8356164,0.43835616
Overall_Shooting%,2009 - 2010,Amir Johnson,0.6227545,0.0,0.6375839,0.3517588,0.6221766,0.80487806,0.5365854
Overall_Shooting%,2017 - 2018,DeAndre Jordan,0.6453287,0.0,0.5801282,0.38247308,0.6224719,0.9220779,0.5064935
Overall_Shooting%,2013 - 2014,Robin Lopez,0.55124223,0.0,0.8181818,0.3488685,0.6234498,1.695122,0.30487806
Overall_Shooting%,1999 - 2000,Dikembe Mutombo,0.5619546,0.0,0.7078385,0.31568363,0.62374246,3.2804878,0.3292683
Overall_Shooting%,2007 - 2008,David Lee,0.5517799,0.0,0.8185654,0.3718482,0.62427074,0.3580247,0.67901236
Overall_Shooting%,2012 - 2013,Nick Collison,0.5945946,0.0,0.7692308,0.26028177,0.6243386,0.37037036,0.6296296
Overall_Shooting%,2009 - 2010,Chris Andersen,0.56573707,0.0,0.69491524,0.264338,0.6244898,1.8815789,0.55263156
Overall_Shooting%,2007 - 2008,Andris Biedrins,0.626151,0.0,0.62032086,0.38300535,0.6246575,1.2368422,0.7368421
Overall_Shooting%,2006 - 2007,Erick Dampier,0.6257485,0.0,0.6230366,0.28041774,0.6247619,1.0789474,0.31578946
Overall_Shooting%,2018 - 2019,Domantas Sabonis,0.59,0.5294118,0.71477664,0.56731033,0.625,0.4054054,0.6486486
Overall_Shooting%,2012 - 2013,Carl Landry,0.5398671,0.33333334,0.8168498,0.46595937,0.62528473,0.38271606,0.43209878
Overall_Shooting%,2009 - 2010,Corey Maggette,0.51580137,0.26,0.8348457,0.66647446,0.62542033,0.057142857,0.74285716
Overall_Shooting%,2017 - 2018,Zaza Pachulia,0.56439394,0.0,0.8064516,0.38382384,0.6256983,0.24637681,0.5507246
Overall_Shooting%,2017 - 2018,Clint Capela,0.6523669,0.0,0.56031126,0.50437516,0.6263383,1.8648648,0.7837838
Overall_Shooting%,2017 - 2018,Jordan Bell,0.62702703,0.0,0.6818182,0.32389665,0.62660944,0.98245615,0.61403507
Overall_Shooting%,2009 - 2010,Amar'e Stoudemire,0.556962,0.16666667,0.7705696,0.66821736,0.62670875,1.0121951,0.63414633
Overall_Shooting%,2017 - 2018,Montrezl Harrell,0.63503647,0.14285715,0.6261261,0.6465584,0.62805665,0.68421054,0.47368422
Overall_Shooting%,2017 - 2018,Cheick Diallo,0.57954544,0.0,0.75757575,0.43717727,0.6280992,0.40384614,0.21153846
Overall_Shooting%,2017 - 2018,JaVale McGee,0.6210046,0.0,0.7307692,0.5039012,0.62815887,0.8769231,0.32307693
Overall_Shooting%,2007 - 2008,Leon Powe,0.5724907,0.0,0.7098446,0.5498579,0.6285097,0.2857143,0.26785713
Overall_Shooting%,2007 - 2008,Josh Childress,0.5706806,0.36666667,0.80727273,0.3948815,0.62885463,0.56578946,0.93421054
Overall_Shooting%,2009 - 2010,Maybyner Nene,0.58716875,0.0,0.7043269,0.41196325,0.6290749,1.0,1.402439
Overall_Shooting%,2015 - 2016,Enes Kanter,0.5757997,0.47619048,0.7968128,0.6032429,0.629667,0.40243903,0.31707317
Overall_Shooting%,2001 - 2002,Jamaal Magloire,0.5507246,0.0,0.7297297,0.45125887,0.62967914,1.0487804,0.3292683
Overall_Shooting%,2004 - 2005,Yao Ming,0.5517949,0.0,0.7826962,0.59844774,0.62975544,2.0,0.425
Overall_Shooting%,2008 - 2009,Pau Gasol,0.56650716,0.5,0.78132117,0.5094522,0.6298789,1.0,0.6419753
Overall_Shooting%,2006 - 2007,Mikki Moore,0.6086956,0.0,0.68085104,0.37279016,0.63072777,0.75949365,0.5822785
Overall_Shooting%,2017 - 2018,Jarrett Allen,0.5894207,0.33333334,0.7755102,0.40729946,0.6314848,1.2222222,0.3888889
Overall_Shooting%,2012 - 2013,Jonas Valanciunas,0.5558583,0.0,0.78918916,0.37392008,0.6329114,1.2580645,0.27419356
Overall_Shooting%,2010 - 2011,Ryan Hollins,0.5981735,0.0,0.6809816,0.31567365,0.63350785,0.6,0.31428573
Overall_Shooting%,2014 - 2015,Aron Baynes,0.5657492,0.25,0.86538464,0.41076362,0.63448274,0.31428573,0.22857143
Overall_Shooting%,2019 - 2020,Dwight Howard,0.72924185,0.6,0.5140187,0.3959562,0.63508064,1.1449275,0.44927537
Overall_Shooting%,2014 - 2015,Jonas Valanciunas,0.5720859,0.0,0.7862319,0.45946848,0.6350915,1.1875,0.4125
Overall_Shooting%,2019 - 2020,JaVale McGee,0.6372549,0.5,0.64634144,0.39465535,0.6370558,1.382353,0.5294118
Overall_Shooting%,2019 - 2020,Hassan Whiteside,0.6210826,0.5714286,0.68619245,0.51785094,0.6371308,2.925373,0.3880597
Overall_Shooting%,2008 - 2009,Joel Przybilla,0.6245353,0.0,0.6627219,0.22950819,0.6378132,1.1829268,0.41463414
Overall_Shooting%,2016 - 2017,Lucas Nogueira,0.6602564,0.25,0.6567164,0.23247266,0.63829786,1.5614035,0.9122807
Overall_Shooting%,2019 - 2020,Jarrett Allen,0.64946234,0.0,0.6333333,0.4184665,0.6383266,1.3142858,0.5714286
Overall_Shooting%,2016 - 2017,Montrezl Harrell,0.65217394,0.14285715,0.6280992,0.49548703,0.6384778,0.7241379,0.3448276
Overall_Shooting%,2018 - 2019,Cheick Diallo,0.6199262,0.25,0.74626863,0.43211254,0.6403509,0.515625,0.453125
Overall_Shooting%,2013 - 2014,Mason Plumlee,0.6589404,0.0,0.62564105,0.40790713,0.642,0.78571427,0.7
Overall_Shooting%,2016 - 2017,Dewayne Dedmon,0.6216216,0.0,0.6989247,0.2910431,0.64204544,0.80263156,0.4868421
Overall_Shooting%,2008 - 2009,Maybyner Nene,0.60366714,0.2,0.72282606,0.44733906,0.64232904,1.3116883,1.2337662
Overall_Shooting%,2017 - 2018,Enes Kanter,0.59186536,0.0,0.84782606,0.54650784,0.6429366,0.52112675,0.5070422
Overall_Shooting%,2011 - 2012,Tiago Splitter,0.6180758,0.0,0.6906077,0.4898287,0.64312977,0.7966102,0.3559322
Overall_Shooting%,2008 - 2009,Yao Ming,0.54844964,1.0,0.8659091,0.58478177,0.64358455,1.9480519,0.38961038
Overall_Shooting%,2018 - 2019,Clint Capela,0.647541,0.0,0.6360153,0.4953753,0.6445116,1.5223881,0.6567164
Overall_Shooting%,2017 - 2018,Jakob Poeltl,0.6588542,0.5,0.5940594,0.37216935,0.6447639,1.2195122,0.47560975
Overall_Shooting%,2017 - 2018,Rudy Gobert,0.6216216,0.0,0.6822742,0.41627663,0.6460296,2.3035715,0.78571427
Overall_Shooting%,2008 - 2009,Erick Dampier,0.65,0.0,0.63829786,0.2472767,0.64608073,1.1875,0.3
Overall_Shooting%,2008 - 2009,Solomon Jones,0.6036036,0.5,0.7162162,0.278436,0.64705884,0.53968257,0.11111111
Overall_Shooting%,2006 - 2007,Amar'e Stoudemire,0.57535547,0.0,0.7811966,0.6214206,0.6475959,1.3414634,0.9512195
Overall_Shooting%,2018 - 2019,Richaun Holmes,0.6082192,0.0,0.73142856,0.48323056,0.6481481,1.1285714,0.6
Overall_Shooting%,2008 - 2009,Carl Landry,0.57416266,0.33333334,0.8134715,0.4349901,0.64820844,0.44927537,0.3768116
Overall_Shooting%,2010 - 2011,Maybyner Nene,0.6146789,0.2,0.71144277,0.47625282,0.64938736,0.97333336,1.12
Overall_Shooting%,2019 - 2020,Ivica Zubac,0.61139894,0.0,0.74698794,0.4494382,0.6498195,0.9166667,0.22222222
Overall_Shooting%,2014 - 2015,Brandan Wright,0.6418733,0.0,0.6964286,0.375535,0.6506276,1.2533333,0.6666667
Overall_Shooting%,2018 - 2019,Boban Marjanovic,0.61538464,0.4,0.7480916,0.61995006,0.65336657,0.46551725,0.27586207
Overall_Shooting%,2018 - 2019,Rudy Gobert,0.66853935,0.0,0.6360153,0.4983118,0.6547812,2.308642,0.8148148
Overall_Shooting%,2019 - 2020,Jaxson Hayes,0.66923076,0.25,0.64736843,0.43715847,0.6563877,0.859375,0.40625
Overall_Shooting%,2016 - 2017,Rudy Gobert,0.6608,0.0,0.6533613,0.4143888,0.6569873,2.6419754,0.60493827
Overall_Shooting%,2013 - 2014,Chris Andersen,0.64363635,0.25,0.71005917,0.34169054,0.65789473,1.3472222,0.44444445
Overall_Shooting%,2012 - 2013,Tyson Chandler,0.6375,0.0,0.6937984,0.31846544,0.65957445,1.1363636,0.6363636
Overall_Shooting%,2007 - 2008,Amar'e Stoudemire,0.5895954,0.16129032,0.804631,0.7430514,0.6595965,2.063291,0.8101266
Overall_Shooting%,2018 - 2019,Mitchell Robinson,0.6941581,0.0,0.6,0.35674882,0.6643193,2.439394,0.7878788
Overall_Shooting%,2018 - 2019,DeAndre Jordan,0.6412556,0.0,0.70454544,0.37024373,0.6647887,1.057971,0.6086956
Overall_Shooting%,2019 - 2020,Rudy Gobert,0.69299823,0.0,0.6302729,0.4398148,0.6666667,1.9852941,0.75
Overall_Shooting%,2019 - 2020,Tony Bradley,0.6666667,1.0,0.65217394,0.42973462,0.6680672,0.5689655,0.2413793
Overall_Shooting%,2019 - 2020,DeAndre Jordan,0.66550523,0.0,0.6803279,0.37676227,0.66992664,0.9285714,0.32142857
Overall_Shooting%,2011 - 2012,Tyson Chandler,0.67887324,0.0,0.6888889,0.33923805,0.68154764,1.4354838,0.9032258
Overall_Shooting%,2019 - 2020,Damian Jones,0.6797753,0.22222222,0.7380952,0.3449831,0.6826568,0.72727275,0.47272727
Overall_Shooting%,2014 - 2015,Tyson Chandler,0.6659091,0.0,0.71984434,0.33729985,0.68579626,1.2133334,0.56
Overall_Shooting%,2010 - 2011,Tyson Chandler,0.65356266,0.0,0.73220336,0.36337137,0.6866097,1.081081,0.4864865
Overall_Shooting%,2019 - 2020,Mitchell Robinson,0.7419355,0.0,0.5675676,0.41769913,0.68916154,1.9508197,0.852459
Overall_Shooting%,2018 - 2019,Damian Jones,0.7162162,0.0,0.6486486,0.3173828,0.6936937,1.0416666,0.5
Overall_Shooting%,2019 - 2020,Nerlens Noel,0.68401486,0.33333334,0.754717,0.39840284,0.7010582,1.4918033,0.9672131
Overall_Shooting%,2004 - 2005,Danny Fortson,0.5221239,0.0,0.87984496,0.44263864,0.7128099,0.11290322,0.24193548
BLK_per_GP,2016 - 2017,Hassan Whiteside,0.5570401,0.0,0.62849164,0.5208292,0.5762585,2.090909,0.72727275
BLK_per_GP,2002 - 2003,Shawn Bradley,0.536,0.0,0.8011364,0.3136915,0.6195652,2.0987654,0.80246913
BLK_per_GP,2005 - 2006,Eddie Griffin,0.35135135,0.19512194,0.5945946,0.23519036,0.36121672,2.1142857,0.18571429
BLK_per_GP,2004 - 2005,Zydrunas Ilgauskas,0.4678243,0.2857143,0.79920477,0.5047801,0.578912,2.1153846,0.67948717
BLK_per_GP,1999 - 2000,Greg Ostertag,0.46441948,0.0,0.6363636,0.22851805,0.53406596,2.1234567,0.24691358
BLK_per_GP,2016 - 2017,Myles Turner,0.5103448,0.3448276,0.8085809,0.46162927,0.5655547,2.1234567,0.91358024
BLK_per_GP,2008 - 2009,Ronny Turiaf,0.5081967,0.0,0.7903226,0.277188,0.5760649,2.1265824,0.43037975
BLK_per_GP,2019 - 2020,Myles Turner,0.45655876,0.344,0.75147927,0.41020867,0.4781312,2.1290324,0.7419355
BLK_per_GP,2009 - 2010,Josh Smith,0.5045045,0.0,0.6184834,0.44208327,0.53571427,2.1358025,1.6049383
BLK_per_GP,2012 - 2013,Joakim Noah,0.48095238,0.0,0.7510548,0.32313907,0.5516055,2.1363637,1.1818181
BLK_per_GP,2004 - 2005,Joel Przybilla,0.5975976,0.0,0.51724136,0.26250672,0.5700197,2.1447368,0.31578946
BLK_per_GP,2007 - 2008,Dwight Howard,0.59856266,0.0,0.5897436,0.5489345,0.5930667,2.1463416,0.902439
BLK_per_GP,2011 - 2012,JaVale McGee,0.55615944,0.0,0.46107784,0.45022154,0.5340751,2.1639345,0.57377046
BLK_per_GP,2003 - 2004,Kevin Garnett,0.49906892,0.25581396,0.79139787,0.61497986,0.5582822,2.1707318,1.4634147
BLK_per_GP,2002 - 2003,Andrei Kirilenko,0.4906542,0.32456142,0.8,0.4351559,0.57548845,2.1875,1.475
BLK_per_GP,2005 - 2006,Ben Wallace,0.5096774,0.0,0.41554055,0.2065744,0.47058824,2.207317,1.7804878
BLK_per_GP,2018 - 2019,Brook Lopez,0.45165396,0.36523438,0.84210527,0.43459535,0.45702305,2.2098765,0.6296296
BLK_per_GP,1999 - 2000,Raef LaFrentz,0.44596133,0.32786885,0.6864407,0.4131417,0.47303542,2.2222223,0.5185185
BLK_per_GP,2016 - 2017,Anthony Davis,0.5045872,0.29850745,0.80216384,0.7751967,0.5760728,2.2266667,1.2533333
BLK_per_GP,1999 - 2000,Tim Duncan,0.490242,0.09090909,0.76119405,0.5968696,0.57414246,2.2297297,0.8918919
BLK_per_GP,2014 - 2015,DeAndre Jordan,0.70973784,0.25,0.3970276,0.335461,0.5619425,2.2317073,0.9878049
BLK_per_GP,2006 - 2007,Elton Brand,0.5326177,1.0,0.7613883,0.53354996,0.59593546,2.2375,0.9625
BLK_per_GP,2013 - 2014,Roy Hibbert,0.43899205,0.4,0.7695167,0.3615758,0.5252918,2.2469137,0.3580247
BLK_per_GP,1999 - 2000,David Robinson,0.5121242,0.0,0.72602737,0.55807585,0.5822539,2.2875,1.2125
BLK_per_GP,2001 - 2002,Erick Dampier,0.43541667,0.0,0.6445498,0.31839082,0.4992764,2.2876713,0.23287672
BLK_per_GP,2015 - 2016,DeAndre Jordan,0.7027559,0.0,0.42972535,0.37727132,0.552305,2.2987013,0.66233766
BLK_per_GP,2017 - 2018,Rudy Gobert,0.6216216,0.0,0.6822742,0.41627663,0.6460296,2.3035715,0.78571427
BLK_per_GP,2003 - 2004,Samuel Dalembert,0.54108214,0.0,0.6436782,0.29649842,0.5667656,2.304878,0.5365854
BLK_per_GP,2014 - 2015,Rudy Gobert,0.60421544,0.0,0.62271065,0.31782803,0.6096866,2.304878,0.7804878
BLK_per_GP,2001 - 2002,Jermaine O'Neal,0.4792586,0.071428575,0.68765134,0.5060908,0.5307692,2.3055556,0.625
BLK_per_GP,2019 - 2020,Anthony Davis,0.5027372,0.33027524,0.8457143,0.7591255,0.58020663,2.3064516,1.467742
BLK_per_GP,2018 - 2019,Rudy Gobert,0.66853935,0.0,0.6360153,0.4983118,0.6547812,2.308642,0.8148148
BLK_per_GP,2002 - 2003,Jermaine O'Neal,0.48412699,0.33333334,0.73137254,0.55885434,0.5527638,2.3116884,0.85714287
BLK_per_GP,2006 - 2007,Alonzo Mourning,0.56,0.0,0.60064936,0.42056373,0.5770805,2.3116884,0.16883117
BLK_per_GP,2000 - 2001,Ben Wallace,0.48974943,0.25,0.33613446,0.18514493,0.43465492,2.325,1.3375
BLK_per_GP,2000 - 2001,Tim Duncan,0.49928877,0.25925925,0.6178248,0.57340896,0.53365153,2.3414633,0.85365856
BLK_per_GP,2007 - 2008,Samuel Dalembert,0.5128593,0.0,0.7072243,0.31714568,0.5675676,2.3414633,0.4878049
BLK_per_GP,2004 - 2005,Shaquille O'Neal,0.6009132,0.0,0.4614379,0.6697432,0.5435484,2.3424656,0.49315068
BLK_per_GP,2002 - 2003,Shaquille O'Neal,0.5739059,0.0,0.62206894,0.72623277,0.59194213,2.3731344,0.5671642
BLK_per_GP,2001 - 2002,Dikembe Mutombo,0.50078005,0.0,0.76373625,0.31647748,0.5960199,2.375,0.3625
BLK_per_GP,2006 - 2007,Tim Duncan,0.5464191,0.11111111,0.6373239,0.5867029,0.57435596,2.375,0.825
BLK_per_GP,2004 - 2005,Ben Wallace,0.453149,0.11111111,0.4276316,0.26993635,0.44190872,2.3783784,1.4324324
BLK_per_GP,2010 - 2011,Dwight Howard,0.5929119,0.0,0.5960699,0.60785717,0.5922725,2.3846154,1.3717948
BLK_per_GP,2019 - 2020,Brook Lopez,0.4351714,0.31384614,0.8355263,0.44744083,0.45383275,2.3970587,0.6764706
BLK_per_GP,2018 - 2019,Anthony Davis,0.5165692,0.33103448,0.79445726,0.78486484,0.57481295,2.4107144,1.5714285
BLK_per_GP,2010 - 2011,Serge Ibaka,0.54294974,0.0,0.75,0.3646703,0.58977556,2.4146342,0.37804878
BLK_per_GP,2018 - 2019,Mitchell Robinson,0.6941581,0.0,0.6,0.35674882,0.6643193,2.439394,0.7878788
BLK_per_GP,2010 - 2011,JaVale McGee,0.54966885,0.0,0.5826087,0.36396807,0.5567503,2.443038,0.51898736
BLK_per_GP,2012 - 2013,Dwight Howard,0.5781058,0.16666667,0.4923717,0.4761555,0.53636366,2.4473684,1.1052631
BLK_per_GP,2000 - 2001,David Robinson,0.48602673,0.0,0.7468085,0.48544917,0.58037096,2.4625,1.0
BLK_per_GP,2008 - 2009,Chris Andersen,0.5479452,0.2,0.71823204,0.30967388,0.6045549,2.4647887,0.57746476
BLK_per_GP,1999 - 2000,Shawn Bradley,0.47927928,0.2,0.76510066,0.34034717,0.5373766,2.4675324,0.9220779
BLK_per_GP,2001 - 2002,Tim Duncan,0.50797874,0.1,0.79885876,0.6275158,0.5981941,2.4756098,0.74390244
BLK_per_GP,2013 - 2014,DeAndre Jordan,0.67572814,0.0,0.42780748,0.29821628,0.5714286,2.4756098,0.9756098
BLK_per_GP,2003 - 2004,Shaquille O'Neal,0.5843882,0.0,0.48964497,0.58400977,0.5449507,2.477612,0.5074627
BLK_per_GP,2001 - 2002,Alonzo Mourning,0.51616627,0.33333334,0.6566125,0.47983706,0.5623077,2.48,0.36
BLK_per_GP,2003 - 2004,Zydrunas Ilgauskas,0.48290154,0.2857143,0.7463054,0.4871997,0.55950654,2.4814816,0.4814815
BLK_per_GP,2002 - 2003,Adonal Foyle,0.5362319,0.0,0.6730769,0.24622272,0.56666666,2.5,0.4878049
BLK_per_GP,2005 - 2006,Elton Brand,0.52682924,0.33333334,0.7746479,0.6302643,0.59670985,2.544304,1.0253165
BLK_per_GP,2003 - 2004,Jermaine O'Neal,0.4342857,0.11111111,0.75652176,0.56169295,0.5101172,2.5512822,0.75641024
BLK_per_GP,2017 - 2018,Anthony Davis,0.53351575,0.33950618,0.8277592,0.77363056,0.59855986,2.5733333,1.5333333
BLK_per_GP,2003 - 2004,Marcus Camby,0.47723132,0.0,0.7205882,0.28769657,0.52401745,2.5972223,1.1944444
BLK_per_GP,2005 - 2006,Josh Smith,0.4250646,0.3090909,0.7191781,0.35246766,0.4872449,2.6,0.8
BLK_per_GP,2012 - 2013,Roy Hibbert,0.44819558,0.25,0.7410714,0.41299364,0.5078197,2.607595,0.49367088
BLK_per_GP,2004 - 2005,Tim Duncan,0.49616122,0.33333334,0.6703297,0.6091693,0.54780877,2.6363637,0.6818182
BLK_per_GP,2000 - 2001,Raef LaFrentz,0.47660097,0.36690646,0.6984733,0.41025642,0.51195383,2.6410255,0.47435898
BLK_per_GP,2016 - 2017,Rudy Gobert,0.6608,0.0,0.6533613,0.4143888,0.6569873,2.6419754,0.60493827
BLK_per_GP,2012 - 2013,Tim Duncan,0.5020492,0.2857143,0.81666666,0.5904432,0.57443494,2.652174,0.7246377
BLK_per_GP,2005 - 2006,Alonzo Mourning,0.5968254,0.0,0.59375,0.39072695,0.59444445,2.6615384,0.2
BLK_per_GP,2003 - 2004,Tim Duncan,0.5012701,0.16666667,0.5986394,0.6091089,0.53116226,2.6811595,0.89855075
BLK_per_GP,2018 - 2019,Myles Turner,0.4871795,0.3877551,0.7363184,0.46436998,0.51316905,2.6891892,0.8108108
BLK_per_GP,2013 - 2014,Serge Ibaka,0.53578734,0.38333333,0.7839196,0.46025732,0.56831044,2.7037036,0.4814815
BLK_per_GP,2000 - 2001,Dikembe Mutombo,0.48381296,0.0,0.7250859,0.28907758,0.566706,2.7066667,0.38666666
BLK_per_GP,2001 - 2002,Raef LaFrentz,0.4576087,0.3880597,0.69536424,0.42810592,0.47050038,2.7307692,0.7051282
BLK_per_GP,2003 - 2004,Andrei Kirilenko,0.44253492,0.33830845,0.7903226,0.44352332,0.53562653,2.7564104,1.9230769
BLK_per_GP,2000 - 2001,Shaquille O'Neal,0.57172996,0.0,0.5133745,0.7267442,0.5475793,2.7567568,0.6351351
BLK_per_GP,2000 - 2001,Shawn Bradley,0.4899329,0.16666667,0.78651685,0.2893553,0.57052296,2.7804878,0.4390244
BLK_per_GP,2009 - 2010,Dwight Howard,0.6115108,0.0,0.5919118,0.5287041,0.5992758,2.7804878,0.91463417
BLK_per_GP,2007 - 2008,Josh Smith,0.4571933,0.25252524,0.7100213,0.4851733,0.51499116,2.8024693,1.5185186
BLK_per_GP,2000 - 2001,Jermaine O'Neal,0.4654378,0.0,0.6005155,0.39416888,0.5051546,2.8148148,0.60493827
BLK_per_GP,2012 - 2013,Larry Sanders,0.5057851,0.0,0.61764705,0.3592258,0.52489907,2.830986,0.74647886
BLK_per_GP,2006 - 2007,Josh Smith,0.4390735,0.25,0.69250643,0.4449985,0.4843342,2.875,1.4027778
BLK_per_GP,2008 - 2009,Dwight Howard,0.57201225,0.0,0.59363955,0.5756212,0.5814208,2.9240506,0.9746835
BLK_per_GP,2019 - 2020,Hassan Whiteside,0.6210826,0.5714286,0.68619245,0.51785094,0.6371308,2.925373,0.3880597
BLK_per_GP,2002 - 2003,Tim Duncan,0.51293105,0.27272728,0.7097792,0.5924528,0.57128906,2.925926,0.67901236
BLK_per_GP,2014 - 2015,Anthony Davis,0.5354462,0.083333336,0.80477226,0.6746242,0.6064593,2.9411764,1.4705882
BLK_per_GP,2004 - 2005,Marcus Camby,0.465,0.0,0.72254336,0.33895782,0.51994854,2.969697,0.92424244
BLK_per_GP,2012 - 2013,Serge Ibaka,0.5732648,0.3508772,0.7486911,0.42432532,0.59356725,3.025,0.35
BLK_per_GP,1999 - 2000,Shaquille O'Neal,0.57417417,0.0,0.52427185,0.7410686,0.55742973,3.0253165,0.4556962
BLK_per_GP,2003 - 2004,Ben Wallace,0.421123,0.125,0.48965517,0.25352573,0.43785852,3.0370371,1.7654321
BLK_per_GP,2002 - 2003,Ben Wallace,0.4805492,0.16666667,0.44973546,0.17618385,0.46835443,3.1506848,1.4246576
BLK_per_GP,2002 - 2003,Theo Ratliff,0.46386555,0.0,0.7196262,0.28038126,0.53152037,3.2345679,0.69135803
BLK_per_GP,1999 - 2000,Dikembe Mutombo,0.5619546,0.0,0.7078385,0.31568363,0.62374246,3.2804878,0.3292683
BLK_per_GP,2006 - 2007,Marcus Camby,0.4734446,0.0,0.7285068,0.33137745,0.53628117,3.3,1.2428571
BLK_per_GP,2001 - 2002,Ben Wallace,0.53125,0.0,0.42307693,0.20849024,0.49372384,3.4625,1.725
BLK_per_GP,2007 - 2008,Marcus Camby,0.4503937,0.3,0.7079208,0.26144028,0.5075846,3.607595,1.0759493
BLK_per_GP,2003 - 2004,Theo Ratliff,0.4845173,0.0,0.6451613,0.25225225,0.53002614,3.6117647,0.63529414
BLK_per_GP,2011 - 2012,Serge Ibaka,0.5346939,0.33333334,0.66101694,0.3365331,0.5581015,3.6515152,0.5
BLK_per_GP,2015 - 2016,Hassan Whiteside,0.60557187,0.0,0.65045595,0.4893427,0.62017804,3.6849315,0.60273975
BLK_per_GP,1999 - 2000,Alonzo Mourning,0.5506757,0.0,0.7113402,0.625182,0.6022599,3.721519,0.5063291
STL_per_GP,2010 - 2011,Russell Westbrook,0.44172662,0.33009708,0.8415214,0.62969726,0.55508476,0.36585367,1.8902439
STL_per_GP,2006 - 2007,Allen Iverson,0.4424981,0.3147208,0.795082,0.6189114,0.53207546,0.2,1.8923076
STL_per_GP,2018 - 2019,Jimmy Butler,0.46238938,0.34715027,0.8547945,0.55606407,0.54514366,0.6,1.8923076
STL_per_GP,2013 - 2014,Jimmy Butler,0.3968254,0.28333333,0.7692308,0.3389307,0.47442958,0.53731346,1.8955224
STL_per_GP,2016 - 2017,Robert Covington,0.3989071,0.33252427,0.8218391,0.40781647,0.4339909,1.0298507,1.8955224
STL_per_GP,2001 - 2002,Karl Malone,0.45389563,0.36,0.7965571,0.5881579,0.5588948,0.7375,1.9
STL_per_GP,2009 - 2010,Stephen Curry,0.46194226,0.4368421,0.885,0.48304674,0.50551367,0.2375,1.9
STL_per_GP,2014 - 2015,James Harden,0.44013605,0.37477478,0.86771846,0.74376005,0.5510706,0.7407407,1.9012346
STL_per_GP,2014 - 2015,Chris Paul,0.4854701,0.3982808,0.9003115,0.5473699,0.54130435,0.18292683,1.902439
STL_per_GP,2019 - 2020,Andre Drummond,0.53316325,0.14285715,0.57482994,0.53769165,0.53189576,1.6315789,1.9122807
STL_per_GP,2013 - 2014,Russell Westbrook,0.437421,0.317757,0.8259386,0.70978254,0.5053929,0.1521739,1.9130435
STL_per_GP,2001 - 2002,Darrell Armstrong,0.41958886,0.34924623,0.88780487,0.37179488,0.46713287,0.17073171,1.9146341
STL_per_GP,2003 - 2004,Andrei Kirilenko,0.44253492,0.33830845,0.7903226,0.44352332,0.53562653,2.7564104,1.9230769
STL_per_GP,2005 - 2006,Allen Iverson,0.44731066,0.32286996,0.814234,0.76590943,0.5434934,0.1388889,1.9444444
STL_per_GP,2018 - 2019,Russell Westbrook,0.42769858,0.2895377,0.6563193,0.636979,0.44753748,0.4520548,1.9452055
STL_per_GP,2005 - 2006,Dwyane Wade,0.49469215,0.17105263,0.78331256,0.7052235,0.58507854,0.7733333,1.9466667
STL_per_GP,2006 - 2007,Shawn Marion,0.52380955,0.31746033,0.8104839,0.4660665,0.53596437,1.525,1.95
STL_per_GP,2016 - 2017,Chris Paul,0.47643313,0.410596,0.8923077,0.5747605,0.54194504,0.13114753,1.9508197
STL_per_GP,2007 - 2008,Allen Iverson,0.45758355,0.34545454,0.8092848,0.6320463,0.5525114,0.14634146,1.9512196
STL_per_GP,2008 - 2009,Mario Chalmers,0.41993958,0.36655948,0.7668394,0.31151223,0.46312177,0.09756097,1.9512196
STL_per_GP,2012 - 2013,Kemba Walker,0.42282957,0.32228917,0.7978437,0.5089726,0.47714433,0.37804878,1.9512196
STL_per_GP,2015 - 2016,Rajon Rondo,0.4539642,0.3647059,0.58,0.33862892,0.45735028,0.1388889,1.9583334
STL_per_GP,2018 - 2019,Chris Paul,0.41944444,0.35774648,0.86206895,0.48793623,0.47261345,0.31034482,1.9655173
STL_per_GP,2017 - 2018,Jimmy Butler,0.47448426,0.35,0.85411763,0.6039741,0.5627426,0.40677965,1.9661016
STL_per_GP,2001 - 2002,Doug Christie,0.45986393,0.3515625,0.8512397,0.34739098,0.514193,0.2962963,1.9753087
STL_per_GP,2005 - 2006,Shawn Marion,0.52454215,0.33103448,0.8087248,0.5420229,0.5391705,1.691358,1.9753087
STL_per_GP,2008 - 2009,Jason Kidd,0.4158576,0.40557274,0.81904763,0.25328296,0.45315486,0.4814815,1.9753087
STL_per_GP,2015 - 2016,Trevor Ariza,0.41559952,0.3707415,0.7826087,0.3585044,0.439763,0.32098764,1.9753087
STL_per_GP,2019 - 2020,Kris Dunn,0.44444445,0.25892857,0.7407407,0.2940249,0.43503937,0.33333334,1.9803921
STL_per_GP,1999 - 2000,Jason Kidd,0.4093567,0.33734939,0.82857144,0.3667304,0.48104265,0.41791046,2.0
STL_per_GP,1999 - 2000,Mookie Blaylock,0.390681,0.33554816,0.70526314,0.3356472,0.40145984,0.30136988,2.0
STL_per_GP,2000 - 2001,Metta World Peace,0.401227,0.29054055,0.75,0.38383412,0.46661302,0.59210527,2.0
STL_per_GP,2006 - 2007,Andre Iguodala,0.4470232,0.30967742,0.8203267,0.45270446,0.55568653,0.43421054,2.0
STL_per_GP,2006 - 2007,Gerald Wallace,0.5021008,0.325,0.6912752,0.49388328,0.5437788,0.9583333,2.0
STL_per_GP,2004 - 2005,Shawn Marion,0.47556245,0.33431086,0.83272725,0.49872854,0.50183725,1.4691358,2.0123458
STL_per_GP,2005 - 2006,Gilbert Arenas,0.4472422,0.36851853,0.81977475,0.69320095,0.5320918,0.3125,2.0125
STL_per_GP,2016 - 2017,John Wall,0.45087108,0.3272059,0.800759,0.636572,0.51835275,0.6282051,2.0128205
STL_per_GP,2017 - 2018,Eric Bledsoe,0.47320527,0.3472222,0.7949527,0.5655339,0.50720286,0.5675676,2.0135136
STL_per_GP,2018 - 2019,James Harden,0.44159245,0.36770427,0.8787879,0.98301184,0.5204216,0.74358976,2.025641
STL_per_GP,2016 - 2017,Draymond Green,0.41846153,0.3079848,0.7089202,0.31405562,0.44760212,1.3947369,2.0263157
STL_per_GP,2014 - 2015,Stephen Curry,0.48695004,0.44272447,0.91394657,0.7270779,0.5365749,0.2,2.0375
STL_per_GP,2015 - 2016,Russell Westbrook,0.45429364,0.29618767,0.8115183,0.6830333,0.5182358,0.25,2.0375
STL_per_GP,2017 - 2018,Paul George,0.42985076,0.40065682,0.8223844,0.5998132,0.49067795,0.49367088,2.0379746
STL_per_GP,2014 - 2015,Tony Allen,0.4945055,0.3448276,0.6269841,0.32712266,0.5147541,0.47619048,2.047619
STL_per_GP,2015 - 2016,Kyle Lowry,0.42737895,0.38756856,0.8105906,0.57311213,0.5017889,0.44155845,2.051948
STL_per_GP,2015 - 2016,Chris Paul,0.46229804,0.37082067,0.89634144,0.5974466,0.5256917,0.17567568,2.054054
STL_per_GP,1999 - 2000,Allen Iverson,0.4206578,0.34099618,0.7129032,0.6971609,0.4820199,0.071428575,2.057143
STL_per_GP,1999 - 2000,Darrell Armstrong,0.43252903,0.33995038,0.91093117,0.5135135,0.4782363,0.1097561,2.0609756
STL_per_GP,2012 - 2013,Monta Ellis,0.41573817,0.28658536,0.77272725,0.51261216,0.45837232,0.4390244,2.0609756
STL_per_GP,2000 - 2001,Terrell Brandon,0.45061728,0.36263737,0.87053573,0.44310528,0.5100069,0.26923078,2.0641026
STL_per_GP,2000 - 2001,Baron Davis,0.42737722,0.310219,0.67655784,0.3543233,0.46045917,0.4390244,2.0731707
STL_per_GP,1999 - 2000,Paul Pierce,0.4422202,0.34285715,0.7977778,0.5524584,0.5144888,0.84931505,2.0821917
STL_per_GP,2003 - 2004,Metta World Peace,0.4208633,0.30991736,0.7334852,0.49115697,0.48243168,0.6849315,2.0821917
STL_per_GP,2007 - 2008,Andre Iguodala,0.45575568,0.32899022,0.7213439,0.5028226,0.5014354,0.597561,2.0853658
STL_per_GP,2019 - 2020,Ben Simmons,0.5795981,0.2857143,0.6208054,0.46457434,0.59033614,0.57894737,2.0877192
STL_per_GP,2014 - 2015,Russell Westbrook,0.42624065,0.2986111,0.8348624,0.81935877,0.5217571,0.20895523,2.0895522
STL_per_GP,2001 - 2002,Baron Davis,0.4168531,0.35564855,0.57988167,0.44712263,0.42883635,0.5731707,2.097561
STL_per_GP,2006 - 2007,Dwyane Wade,0.49064448,0.2658228,0.80747664,0.72360927,0.58692896,1.2156863,2.0980392
STL_per_GP,2010 - 2011,Monta Ellis,0.45065176,0.36147758,0.7888631,0.5978244,0.4969021,0.2875,2.1
STL_per_GP,2003 - 2004,Shawn Marion,0.43997017,0.33962265,0.8507463,0.4656512,0.48452508,1.3164557,2.113924
STL_per_GP,2013 - 2014,Thaddeus Young,0.4536243,0.30821916,0.7117904,0.52141595,0.46286032,0.4556962,2.113924
STL_per_GP,2018 - 2019,Robert Covington,0.43093923,0.37777779,0.76404494,0.38666224,0.4571006,1.3428571,2.1142857
STL_per_GP,2006 - 2007,Metta World Peace,0.44038463,0.3576923,0.739759,0.4982961,0.5002915,0.6142857,2.1285715
STL_per_GP,2015 - 2016,Ricky Rubio,0.37372014,0.3263158,0.84713376,0.3298028,0.50183487,0.13157895,2.131579
STL_per_GP,2001 - 2002,Jason Kidd,0.3910369,0.32142857,0.81376517,0.39528796,0.4362493,0.24390244,2.1341465
STL_per_GP,2015 - 2016,Stephen Curry,0.5037547,0.4537246,0.9075,0.8796296,0.5443828,0.18987341,2.1392405
STL_per_GP,2006 - 2007,Baron Davis,0.43883497,0.30357143,0.74525744,0.56913865,0.4836212,0.46031746,2.142857
STL_per_GP,2000 - 2001,Jason Kidd,0.41112125,0.2974138,0.81389576,0.4238173,0.4896074,0.2987013,2.1558442
STL_per_GP,2012 - 2013,Mike Conley,0.44042554,0.36177474,0.82978725,0.42371038,0.49768978,0.3,2.175
STL_per_GP,2008 - 2009,Dwyane Wade,0.49108684,0.31654677,0.76523995,0.7828084,0.54949784,1.3417722,2.1898735
STL_per_GP,2011 - 2012,Mike Conley,0.43274853,0.3773585,0.8607595,0.36244884,0.49150848,0.17741935,2.1935484
STL_per_GP,2002 - 2003,Kobe Bryant,0.45114344,0.38271606,0.84291726,0.72339803,0.5379939,0.81707317,2.207317
STL_per_GP,2018 - 2019,Paul George,0.43804213,0.38573316,0.8388889,0.7598367,0.49879766,0.44155845,2.2077923
STL_per_GP,2004 - 2005,LeBron James,0.47209027,0.35064936,0.75,0.64197165,0.5251142,0.65,2.2125
STL_per_GP,2009 - 2010,Monta Ellis,0.4487909,0.3377193,0.7525773,0.6162624,0.49455985,0.390625,2.234375
STL_per_GP,2002 - 2003,Jason Kidd,0.41398713,0.34054053,0.84119105,0.50016725,0.4858701,0.3125,2.2375
STL_per_GP,2005 - 2006,Chris Paul,0.42977825,0.28248587,0.84731185,0.44789404,0.535557,0.07692308,2.2435896
STL_per_GP,2002 - 2003,Doug Christie,0.47935367,0.39459458,0.8103448,0.27591294,0.5251092,0.4625,2.25
STL_per_GP,2010 - 2011,Rajon Rondo,0.47462687,0.23255815,0.5681818,0.28534114,0.47692308,0.16176471,2.25
STL_per_GP,2000 - 2001,Doug Christie,0.39467004,0.376,0.8974359,0.3388908,0.5074074,0.5555556,2.2592592
STL_per_GP,2002 - 2003,Shawn Marion,0.4515689,0.38736263,0.8508475,0.5087459,0.496,1.1728395,2.2839506
STL_per_GP,2002 - 2003,Metta World Peace,0.427896,0.3364929,0.7358491,0.4611399,0.49439776,0.7246377,2.3043478
STL_per_GP,2014 - 2015,Kawhi Leonard,0.47931874,0.34895834,0.8015873,0.5199469,0.52369666,0.75,2.3125
STL_per_GP,2007 - 2008,Baron Davis,0.4259502,0.3295238,0.75,0.5603529,0.4610101,0.5243902,2.3292682
STL_per_GP,2013 - 2014,Ricky Rubio,0.38059703,0.33082706,0.80212015,0.29606885,0.4843462,0.13414635,2.3292682
STL_per_GP,2009 - 2010,Rajon Rondo,0.50774336,0.2125,0.6205674,0.37460768,0.51421803,0.13580246,2.3333333
STL_per_GP,2010 - 2011,Chris Paul,0.46336207,0.38797814,0.8776042,0.44033894,0.56053513,0.0625,2.35
STL_per_GP,2003 - 2004,Baron Davis,0.3951498,0.32130584,0.67329544,0.57057726,0.4186644,0.40298507,2.358209
STL_per_GP,2017 - 2018,Victor Oladipo,0.47690016,0.37096775,0.79891306,0.67980564,0.5107276,0.76,2.36
STL_per_GP,2004 - 2005,Allen Iverson,0.4240924,0.30769232,0.8346056,0.7252678,0.52039427,0.12,2.4
STL_per_GP,2012 - 2013,Chris Paul,0.4813084,0.3275862,0.88544893,0.50794464,0.54854715,0.14285715,2.4142857
STL_per_GP,2013 - 2014,Chris Paul,0.46666667,0.36792454,0.85507244,0.54583144,0.54590046,0.06451613,2.483871
STL_per_GP,2000 - 2001,Allen Iverson,0.42029786,0.32026145,0.81363004,0.74085265,0.50916135,0.28169015,2.5070422
STL_per_GP,2011 - 2012,Chris Paul,0.4775281,0.37089202,0.86092716,0.5452878,0.5437722,0.06666667,2.5333333
STL_per_GP,1999 - 2000,Eddie Jones,0.42716712,0.37536657,0.8639618,0.5151407,0.51516765,0.6805556,2.6666667
STL_per_GP,2007 - 2008,Chris Paul,0.4879938,0.3694779,0.85128206,0.5602875,0.54611397,0.05,2.7125
STL_per_GP,2002 - 2003,Allen Iverson,0.414433,0.27722773,0.7744565,0.64906746,0.489426,0.15853658,2.7439024
STL_per_GP,2008 - 2009,Chris Paul,0.50278884,0.36363637,0.8683206,0.5932514,0.5882353,0.12820514,2.7692308
STL_per_GP,2001 - 2002,Allen Iverson,0.39844218,0.29104477,0.8119658,0.7181541,0.48295003,0.21666667,2.8
STL_per_GP,2004 - 2005,Larry Hughes,0.43001842,0.28229666,0.777042,0.5703986,0.50228834,0.29508197,2.8852458
